"year","e11102","pgisced97","mean","median","n","ptile10","ptile25","ptile75","ptile90","ptile99","lowerci_mean","upperci_mean","min","max","lowerci_median","upperci_median"
"1984","Employed","general elemantary","10085.48","9486.86","1709","6009.64","7521","12064","14524.67","24001.79","9882.7","10288.26","477.33","59460","9089.0478515625","9573"
"1984","Employed","higher education","15562.47","14117.01","633","8592.14","10808","18622.67","23195","43898","14926.5","16198.44","596.67","75831.34","13134.400390625","14619.0478515625"
"1984","Employed","higher vocational","13101.3","12162.59","474","7529.23","9379","15046.19","18941","33233.89","12522.75","13679.85","3595","94603","11818.8896484375","12616.6669921875"
"1984","Employed","in school","","","","","","","","","","","","","",""
"1984","Employed","inadequately","9345.59","9047.5","639","5504.72","7156","11084","13288","19073.6","9050.61","9640.57","2352","41323.6","8940","9573"
"1984","Employed","middle vocational","11480.31","10683.51","3835","6730.44","8348.8","13477.33","16764","29609.33","11319.39","11641.23","1411","74208.66","10368.333984375","10686.7998046875"
"1984","Employed","vocational + Abi","12562.68","10940.82","231","6576.67","8963","15072","18352","35516.67","11619.72","13505.64","1863","80046","9906.6669921875","10916.7998046875"
"1984","Not Employed","general elemantary","8346.37","7653.33","1759","4426","5829","9768","12368.67","25643.33","8110.31","8582.43","0","113745.34","7397.7421875","7760"
"1984","Not Employed","higher education","12063.98","10676.94","160","4175","6639.33","15229","19395.33","42766.11","10669.01","13458.95","51","75831.34","9224.400390625","11173.599609375"
"1984","Not Employed","higher vocational","10000.68","9258.2","186","4986","6749","12483.33","16620.29","23069.33","9358.33","10643.03","2383","26393.5","8630.6669921875","10430"
"1984","Not Employed","in school","9818.92","8744.49","178","5522","7041.2","11866","14265.5","24020","9197.11","10440.73","0","35615.6","8309","9555.599609375"
"1984","Not Employed","inadequately","6910.5","6537.54","380","3998.71","5187.6","8211.43","10881.11","13538.5","6575.14","7245.86","0","41323.6","6303","6617.33349609375"
"1984","Not Employed","middle vocational","9357.46","8591.57","1890","4908.67","6626.67","11232.67","14289","23148.67","9122.79","9592.13","0","113745.34","8283","8678"
"1984","Not Employed","vocational + Abi","10608.76","9788.8","81","3574.5","7362.67","12552","18690.67","30678","9411.59","11805.93","744","30678","7512","9985.599609375"
"1985","Employed","general elemantary","10474.36","9815.93","1541","6000.3","7753.81","12395.33","15244.8","24812.5","10257.17","10691.55","501","68799.5","9434.7626953125","9839"
"1985","Employed","higher education","15438.01","14297.4","608","8425","11097.2","18415","23637","42300","14894.98","15981.04","3338.89","49713.91","13302.7783203125","14647.3330078125"
"1985","Employed","higher vocational","13332.02","12589.72","452","7504.58","9810","15450.44","20051.33","35905.5","12781.32","13882.72","3147","64303","12189","13022.6669921875"
"1985","Employed","in school","","","","","","","","","","","","","",""
"1985","Employed","inadequately","9581.31","9606.8","507","5255","7115.24","11635.6","13813","23628.08","9288.23","9874.39","2510.3","24979.6","9144.400390625","9847.5"
"1985","Employed","middle vocational","11968.12","11061","3473","6789.33","8635","13998","17072.17","31853.89","11755.94","12180.3","614","169250","10609","10973.2001953125"
"1985","Employed","vocational + Abi","12447.14","11827.03","201","7030.77","8976","15216.8","18548","28348.67","11787.36","13106.92","4293.08","31134","9855.23828125","11786.6669921875"
"1985","Not Employed","general elemantary","8439.33","7925.33","1538","4518","6056.52","10121","12941.67","21130","8253.16","8625.5","46","36020","7535.33349609375","7968"
"1985","Not Employed","higher education","13354.54","13230.15","150","5806.11","9343.33","15952","21039.33","31477.22","12382.29","14326.79","782.67","37871.33","11493.599609375","13498"
"1985","Not Employed","higher vocational","10924.01","10119.99","169","5747.62","7608","12699.57","16554","26076","10172.75","11675.27","3706","45308","9327.3330078125","11104"
"1985","Not Employed","in school","10744.81","9871.46","180","5619.57","7876","13650.8","16200.65","24546","10106.08","11383.54","2692.67","26939.57","9109.6669921875","10370.400390625"
"1985","Not Employed","inadequately","6752.36","6514.63","342","3509.52","4776.52","8016.67","10952.67","13670","6484.82","7019.9","0","15155.2","6317.6923828125","6931.66650390625"
"1985","Not Employed","middle vocational","9828.42","8986.27","1725","5156.4","6889.13","11610","14888","30092.67","9572.5","10084.34","0","79317.78","8680.5","9111.3330078125"
"1985","Not Employed","vocational + Abi","10210.01","9314.01","79","4908","6986.11","12612","17179","23665","9101.74","11318.28","75","23665","8043.478515625","10752.10546875"
"1986","Employed","general elemantary","10654.75","10076.96","1543","6158.67","7968","12908.4","15234","21986.67","10448.13","10861.37","1848.5","86342","9681","10037.0830078125"
"1986","Employed","higher education","16346.81","15086.37","607","8948","11494","19560.67","24990","38685.83","15725.31","16968.31","2641","123372","14304.2861328125","15422"
"1986","Employed","higher vocational","13444.01","12729.33","418","8041.6","9925.6","15892.4","20193","31569","12912.83","13975.19","2390","48518","12222.22265625","13159.5"
"1986","Employed","in school","","","","","","","","","","","","","",""
"1986","Employed","inadequately","9777.55","9674.3","466","5677.5","7282.4","11941.67","14005.2","17794","9487.93","10067.17","393","24068.8","9469","10023.947265625"
"1986","Employed","middle vocational","12146.29","11497.78","3378","7091.15","8999.13","14355.5","17430","26430.67","11973","12319.58","1644","123372","11103.3330078125","11441.5"
"1986","Employed","vocational + Abi","12706.97","11880.43","205","6346.67","9165","15845.6","20291.33","30640","11975.28","13438.66","2523","32806.67","10040","11831.4287109375"
"1986","Not Employed","general elemantary","8729.79","7942.51","1381","4720.67","6146","10307","13286.19","23324","8481.08","8978.5","0","86342","7763.33349609375","8135.5556640625"
"1986","Not Employed","higher education","13206.45","13009.03","144","4975","8322","18260","21504.67","28142","12182.26","14230.64","0","33157.5","11442","13362.857421875"
"1986","Not Employed","higher vocational","10388.16","10306.05","165","5057.14","7540","12633","16507","21342.67","9748.02","11028.3","1226.67","22808","9408","11299.3330078125"
"1986","Not Employed","in school","10560.89","10001.07","183","5916.09","8007.6","12239.5","16502.8","23324","9932.08","11189.7","0","30236.8","8940","10265"
"1986","Not Employed","inadequately","6952.01","6679.32","324","3448.15","4736.54","8461.33","10883","15258.8","6646.97","7257.05","72","22692.4","6777.826171875","7400"
"1986","Not Employed","middle vocational","9718","8898.79","1637","5227","6811.33","11592.78","14838.67","26109","9487.34","9948.66","0","48771","8717.619140625","9267"
"1986","Not Employed","vocational + Abi","10484.84","9791.36","73","5011","7421.5","12529","16237","24643.33","9114.68","11855","72","39649.33","7778","10071.3330078125"
"1987","Employed","general elemantary","11327.43","10761.14","1542","6481.33","8314.67","13427.33","16360","25660","11092.15","11562.71","1219","72272.66","10188.7998046875","10767.5"
"1987","Employed","higher education","17211.24","15537.97","601","9408","12313.48","20462","26453","41860","16574.79","17847.69","2535","80892.66","14763.8896484375","16204.5"
"1987","Employed","higher vocational","14149.65","13211.95","407","8408","10303","16927","20652","33318.67","13617.43","14681.87","3260","37572.67","12593","13598.7998046875"
"1987","Employed","in school","","","","","","","","","","","","","",""
"1987","Employed","inadequately","10019.9","9695.22","471","6150.95","7574.5","12268","14406","18256","9704.41","10335.39","825","28400","9502.0830078125","10513.75"
"1987","Employed","middle vocational","12706.55","11994.67","3389","7666.11","9442.4","14922.38","18124","29500.8","12535.93","12877.17","1379","87875","11617.5","11991"
"1987","Employed","vocational + Abi","13148.96","12358.25","206","6345","8987","15796.67","21200.67","33056","12310.99","13986.93","2415","41171.33","10512","12613.8896484375"
"1987","Not Employed","general elemantary","9041.45","8280.94","1315","5131.5","6418","10963.33","13860","20734","8820.36","9262.54","0","49928","8106.6669921875","8638"
"1987","Not Employed","higher education","14221","13627.2","143","5779","9235.33","17858","21751","43562","13019.41","15422.59","236.15","53436","12897","14742.22265625"
"1987","Not Employed","higher vocational","10874.22","10384.83","162","6212.38","8250","12766","16277.33","23624","10191.49","11556.95","1201","29912.67","9649.0478515625","11265"
"1987","Not Employed","in school","11119.94","10819.44","179","5816.5","8498.29","13136.5","16681.5","24682","10452.3","11787.58","2306","31148.8","9490.4345703125","10986"
"1987","Not Employed","inadequately","7766.63","7282.89","291","4128.89","5646.19","9047.27","11978","17748","7418.04","8115.22","1314.64","21753.5","7295.88232421875","7906.82958984375"
"1987","Not Employed","middle vocational","10191.65","9244.09","1599","5599.33","7094","12124.76","16068","26525","9940.61","10442.69","0","61574","9125.5","9499.3330078125"
"1987","Not Employed","vocational + Abi","10909.77","10217.95","72","5235","8281.2","11803.33","16748","27958.67","9524.93","12294.61","922","43118.67","9136.400390625","11120.7998046875"
"1988","Employed","general elemantary","11592.64","11003.27","1527","6738","8649.2","13965.2","17117.33","24190.67","11381.07","11804.21","1235.5","40537.6","10392.5","10862.7998046875"
"1988","Employed","higher education","17875.17","16320.71","572","10178","12988.4","21673","26664","52073.33","17231.26","18519.08","744","64705.33","15458.7998046875","16781.90625"
"1988","Employed","higher vocational","14806.65","13454.71","390","8390","10607.22","17422.4","22377.33","39930.44","14140.75","15472.55","3345","83425","12895.5556640625","14075.2177734375"
"1988","Employed","in school","","","","","","","","","","","","","",""
"1988","Employed","inadequately","10446.02","10388.69","402","5553.33","7532.38","12882.5","15150","18964","10051.21","10840.83","1235.5","40395","10140","10828"
"1988","Employed","middle vocational","13124.15","12228.15","3250","7854.78","9822.5","15399.52","19000","30840.67","12945.88","13302.42","1841","101558.66","11809.5654296875","12190"
"1988","Employed","vocational + Abi","14859.65","13696.13","200","8146.19","10298.67","17119","22676.4","37542","13909.47","15809.83","3755","64705.33","11551","14036"
"1988","Not Employed","general elemantary","9201.9","8391.42","1213","5050","6551","11052.29","14160","23404.67","8976.36","9427.44","451.67","35201","8322.857421875","8799.3330078125"
"1988","Not Employed","higher education","14753.65","13937.21","130","4761","8992","17967.33","22830","55441.5","13029.35","16477.95","0","83248","12222.3818359375","14544"
"1988","Not Employed","higher vocational","11186.43","10330.54","151","6248.67","8082.67","13547","17797","24664.67","10438.8","11934.06","3508","28194","9568","11133.3330078125"
"1988","Not Employed","in school","10921.49","10332.11","155","6206","8440","12988.4","15768","31868.8","10206.84","11636.14","3280.86","31868.8","9496.4287109375","10835.65234375"
"1988","Not Employed","inadequately","7694.66","7226.28","300","3997","5566.11","9343","11618","19362.8","7353.78","8035.54","1930","21664","7228.125","8027.857421875"
"1988","Not Employed","middle vocational","10582.72","9817.91","1507","5838.48","7422","12757.33","16191","29897","10318.82","10846.62","0","58397","9627.5","10068.5"
"1988","Not Employed","vocational + Abi","10785.22","10060.26","71","4908","8346.11","12733.33","15260.67","32894","9346.62","12223.82","498","34557.33","8889","11284.6669921875"
"1989","Employed","general elemantary","11985.48","11547.88","1441","6917.14","9010","14675","17534.4","23958","11773.06","12197.9","1308","39989.5","10777.3076171875","11302"
"1989","Employed","higher education","19965.25","17893.31","574","10671.67","13548","22938","30488.75","67805.34","19073.09","20857.41","4284","135049","16332","17970.416015625"
"1989","Employed","higher vocational","15519.31","14220.36","374","8803.33","11688.67","17814","22784.5","38150.48","14878.43","16160.19","2147.22","44367.39","13545.71484375","14920.435546875"
"1989","Employed","in school","","","","","","","","","","","","","",""
"1989","Employed","inadequately","11142.5","10761.41","372","6917.33","8426.25","13636.67","16096","19040","10787.8","11497.2","666","23223.81","10359.599609375","11120"
"1989","Employed","middle vocational","13807.14","12762.6","3183","8293.91","10333.81","16054","19438","37534","13602.49","14011.79","727","113948","12411.25","12710.400390625"
"1989","Employed","vocational + Abi","15220.42","14180.3","212","8335.5","10956","17535","22880.5","40244.8","14399.13","16041.71","3338.75","47722.67","13201.5","14470"
"1989","Not Employed","general elemantary","9517.65","8783.28","1148","5280","6856","11426","14401.6","21461","9273.47","9761.83","507","47288.57","8599.3330078125","9155.3330078125"
"1989","Not Employed","higher education","15005.17","13582.9","125","5159","8637","19144","21939","39127","13061.88","16948.46","3106","113948","12527.3330078125","15136"
"1989","Not Employed","higher vocational","11449.32","10760.44","142","6418.67","8244.29","13773","18449.2","26385","10649.24","12249.4","4048.67","26504","9817","11552.6669921875"
"1989","Not Employed","in school","12403.07","11146.06","156","6776","8403","14218.5","17342","39127","11415.73","13390.41","3344","39989.5","9596.400390625","11236.5"
"1989","Not Employed","inadequately","8118.16","7381.79","288","4295","5684","9995.15","12938.53","20661.5","7751.06","8485.26","2850","22784.5","7542.12109375","8587"
"1989","Not Employed","middle vocational","11251.39","10349.19","1455","5964","7781.61","13482","17350","32108","10965.86","11536.92","0","60280.5","10185.3330078125","10741"
"1989","Not Employed","vocational + Abi","11764.11","10948.36","78","3759","8091.74","13558","16918","46432.67","9960.47","13567.75","2361.11","53694","9052.3818359375","11564"
"1990","Employed","general elemantary","12171.85","11781.26","1399","6920.87","9094.67","14726.67","17563.33","23518","11947.01","12396.69","1508","42324","11108","11731"
"1990","Employed","higher education","19703.41","17443.77","568","10696","13916","23193","29170","72879.5","18800.05","20606.77","1875","148122","16669.4453125","18234.287109375"
"1990","Employed","higher vocational","16774.2","15218.47","376","9581.43","12002","19056","24176","44447","15757.62","17790.78","4602","147922","14162","15842"
"1990","Employed","in school","","","","","","","","","","","","","",""
"1990","Employed","inadequately","11309.17","10927.28","368","6837.2","8707","13285","16300.5","20856","10930.59","11687.75","3155.5","27036.07","10407.3330078125","11302.30859375"
"1990","Employed","middle vocational","14375.58","13339.6","3135","8505","10607.62","16664","20716","34775","14141.71","14609.45","693","147922","12822.400390625","13252"
"1990","Employed","vocational + Abi","15730.62","14764.9","210","8799.57","11139.44","18624","23818.67","44447","14779.56","16681.68","2894","56782.67","12909","15098"
"1990","Not Employed","general elemantary","9595.14","8848.18","1089","5470","6957.33","11633.48","14529.17","23593.33","9350.77","9839.51","0","35389.33","8715.3330078125","9415"
"1990","Not Employed","higher education","16404.04","15330.46","133","7638","10970","20056","25194","43927","14925.75","17882.33","10","72879.5","12932.3818359375","16626"
"1990","Not Employed","higher vocational","11616.43","11123.21","138","6314.67","8129.38","14318","17545.2","28109.33","10722.94","12509.92","1094.38","33258","10168","12244"
"1990","Not Employed","in school","12597.9","11473.64","147","6386.41","8613.67","15056.4","19116.4","43927","11629.35","13566.45","2509","43927","10077.2001953125","11429.130859375"
"1990","Not Employed","inadequately","7807.26","7634.71","271","3672.38","5836.92","9629.7","12733.33","16808","7415","8199.52","0","19834","7784","8366.7998046875"
"1990","Not Employed","middle vocational","11925.01","10701.33","1426","6362","8206","14019","17885","36897.86","11581.65","12268.37","10","123478","10357","10946.6669921875"
"1990","Not Employed","vocational + Abi","11583.68","11497.99","85","5135","8635.33","14489.33","17335","33258","10260.67","12906.69","24","44384","9306.7861328125","12450.3330078125"
"1991","Employed","general elemantary","13129.57","12521.95","1374","7480","9822.86","16120","19140","27662","12860.61","13398.53","1457","62306.67","12036","12545.599609375"
"1991","Employed","higher education","21236.13","19286.93","580","11011","14774","24732","33044","75161.67","20360.87","22111.39","3363","119264.66","17982","19971.78515625"
"1991","Employed","higher vocational","17874.92","16502.11","380","10268.57","12984","20773.33","25094","43291.33","17007.91","18741.93","4758.1","119264.66","15320.4765625","17056.5"
"1991","Employed","in school","","","","","","","","","","","","","",""
"1991","Employed","inadequately","12070.98","11487.04","367","7661.67","9395.71","14524","17160","24224.5","11683.31","12458.65","4115.33","24932.08","10943.333984375","11960"
"1991","Employed","middle vocational","15554.32","14410","3132","9239","11443.57","18219.33","22662","39183.5","15325.5","15783.14","1784","130243","13883.333984375","14299.3330078125"
"1991","Employed","vocational + Abi","16177.32","14833.33","232","9143","10678.67","19882","26010.67","35789.2","15239.87","17114.77","4640","61871.33","13174","16247.5"
"1991","Not Employed","general elemantary","10338.91","9505.26","1047","5743","7217.33","12246.67","15729.33","24222.67","10053.34","10624.48","199.52","48557.83","9394","9966.5390625"
"1991","Not Employed","higher education","16422.44","15792.02","141","7372","11748.67","20684","25859","40785","15200.51","17644.37","6.67","47051.5","13779.3330078125","16558"
"1991","Not Employed","higher vocational","12741.96","11336.22","140","6758","8726","15814.67","21010","29890","11696.85","13787.07","3283","42303.33","10400","12481.3330078125"
"1991","Not Employed","in school","14323.16","11946.51","132","6920.67","9707.2","16750","23019.6","47051.5","13159.37","15486.95","3880.36","47051.5","10923.9130859375","12620"
"1991","Not Employed","inadequately","8771.41","8008.39","259","4115.33","6111","11057.78","14510.5","19838","8318.24","9224.58","2056","25788.33","8024.66650390625","9168"
"1991","Not Employed","middle vocational","12446.3","11355.63","1423","6590.67","8600.95","15141","19258","35789.2","12125.32","12767.28","278.67","85482.78","11213","11745.71484375"
"1991","Not Employed","vocational + Abi","13323.79","12563.05","75","7148","9320","15546","18564","44906.67","11551.59","15095.99","199.52","44906.67","10356.19140625","13205"
"1992","Employed","general elemantary","13416.91","12844.44","1525","7481.07","9814.4","16149.13","19982.8","29404","13158.11","13675.71","763","45703.33","11934","12601.3330078125"
"1992","Employed","higher education","18669.55","16566.35","1387","8828.33","11571","23210","30119","59765","18189.38","19149.72","1623.33","115850","13426.6669921875","14110.6669921875"
"1992","Employed","higher vocational","16847.73","15255.24","599","9046","11323.81","20804","24752.17","45815","16198.99","17496.47","5618.33","115850","13443.333984375","14972"
"1992","Employed","in school","","","","","","","","","","","","","",""
"1992","Employed","inadequately","12454.99","12375.31","358","7182.58","9184","14426.4","17817.33","24771.5","12003.9","12906.08","874","35984.67","12100.625","13082"
"1992","Employed","middle vocational","14768.35","13621.28","4799","7822.22","10269.05","17892","22215.33","35696.67","14571.63","14965.07","1418","170548.67","12300","12717.3916015625"
"1992","Employed","vocational + Abi","16136.79","15599.77","286","7889.44","11362","20392","24028.67","38205.33","15370.29","16903.29","1293","48768.89","13533","15455"
"1992","Not Employed","general elemantary","10482.04","9470.39","1284","5464.67","7172.67","12730","15996.5","27180.67","10222.67","10741.41","0","46401.5","9397.3330078125","9982.6669921875"
"1992","Not Employed","higher education","14671.58","13363.53","273","6287.33","7759.33","19667","25219","38773","13797.49","15545.67","1841","44370","9189.4443359375","11763.3330078125"
"1992","Not Employed","higher vocational","12372.89","11302.36","171","6129.05","8072.67","14859.5","21689","32210.67","11451.76","13294.02","1431.33","33198.67","9821.951171875","11954.4443359375"
"1992","Not Employed","in school","14354.62","12151","158","7039.2","9751.74","19312","24431","44370","13326.47","15382.77","3191.07","44370","10669.5","12151"
"1992","Not Employed","inadequately","9263.37","8310.44","275","4608","6613","11670.67","14370.5","22290","8804.96","9721.78","149","29016.67","8947.857421875","9700.5"
"1992","Not Employed","middle vocational","12102.11","10952.73","1952","5851","7835","14803.6","19541.33","34332","11827.09","12377.13","0","92274","10394","10842"
"1992","Not Employed","vocational + Abi","12237.46","11639.86","101","5474","7280.56","15179","21281","32617.33","11053.41","13421.51","3252","42286","10410.4765625","12169.5"
"1993","Employed","general elemantary","14034.26","13594.24","1457","7681.43","10171","17048.67","21036.67","30612","13764.1","14304.42","2436.11","43288","12750","13422"
"1993","Employed","higher education","20834.56","18005.99","1314","10589.57","13469","25328.33","33438","63468.5","20287.74","21381.38","2812","122986.12","15508.8896484375","16609.048828125"
"1993","Employed","higher vocational","18232.23","16543.5","573","9979.41","12618.1","22513.33","27300","46029","17545.22","18919.24","3788.33","122986.12","14921.3046875","16028"
"1993","Employed","in school","","","","","","","","","","","","","",""
"1993","Employed","inadequately","13137.01","13017.43","324","8058","10230","15228.8","18783.5","27094.45","12624.05","13649.97","1796.67","33221.16","12103.478515625","13838.8896484375"
"1993","Employed","middle vocational","16087.79","14766.97","4614","8882.5","11340.56","19143.6","24146.4","39533","15897.86","16277.72","848","121420","13695.71484375","14066.6669921875"
"1993","Employed","vocational + Abi","16764.34","15799.39","294","8695.33","11731.6","20816","25366.67","39533","15950.35","17578.33","1483","52060","14779.5654296875","16803"
"1993","Not Employed","general elemantary","10821.17","10003.22","1250","5802.67","7504.5","13182.67","16910.5","26712","10552.17","11090.17","0","44849.6","9781","10305.3330078125"
"1993","Not Employed","higher education","15590.68","13449.32","326","7443","9192","18652.67","26136","81682","14714.85","16466.51","251","81682","10914","13118.095703125"
"1993","Not Employed","higher vocational","13115.62","11833.14","174","6427.33","8644","15417","20727.14","34486","12085.69","14145.55","3309","49651.33","10508.064453125","12759"
"1993","Not Employed","in school","15414.79","12801.83","167","7019.5","9484.4","17820.8","25331.07","61573.2","14087.83","16741.75","3017","63468.5","11022.5","12337.576171875"
"1993","Not Employed","inadequately","8923.35","8483.15","290","4418","6463.33","10507.39","13475.43","21042","8491.03","9355.67","536.88","23249.33","8810","9708"
"1993","Not Employed","middle vocational","12365.01","11175.27","2082","6644.67","8458","14713.33","19274","35493.33","12105.29","12624.73","0","66037.5","10497.419921875","10929.3330078125"
"1993","Not Employed","vocational + Abi","13738.95","12746.47","93","6483","9484.4","16528.33","23037.5","39530","12305.89","15172.01","4237","46981.33","10167.2001953125","13261.6669921875"
"1994","Employed","general elemantary","14479.14","13765.27","1306","8064.5","10822","17573","21569.33","33424.67","14160.59","14797.69","1527.33","67954","13016.5224609375","13718"
"1994","Employed","higher education","22164.19","19521.26","1310","11505.24","14601.11","27490.67","35865.33","58965.33","21608.69","22719.69","2483","126533","16930.80078125","18065.19921875"
"1994","Employed","higher vocational","19009.49","17359.39","557","10511","13209.33","23223.33","28550","45303","18330.02","19688.96","4511.25","103276.67","15234.5830078125","17001"
"1994","Employed","in school","","","","","","","","","","","","","",""
"1994","Employed","inadequately","13342.41","12807.56","304","7349.12","9684","15935.33","18775.6","32828","12778.58","13906.24","4489","39972","12275.65234375","13471"
"1994","Employed","middle vocational","16856","15566.33","4420","9501.91","12021","20042","25152","41148","16651.21","17060.79","1654.29","128759","14543.9130859375","14955"
"1994","Employed","vocational + Abi","17410.88","16063.27","285","9383.85","12525.24","20841.67","26429.6","43700","16585.33","18236.43","3070.67","44301","15403.8466796875","17061.333984375"
"1994","Not Employed","general elemantary","11161.75","10368.3","1210","5914.67","7947.14","13511","17379.33","28023.5","10884.53","11438.97","0","40971.33","10273","10838.6669921875"
"1994","Not Employed","higher education","16404.49","14223.93","346","8219","10374.67","20597","26401","54034","15585.81","17223.17","2822.27","71178","12406","13853.3330078125"
"1994","Not Employed","higher vocational","13989.62","13280.13","201","7373.33","9679","17053.21","21975.71","38035.33","13062.88","14916.36","2106","39809.33","11991.7861328125","13696.6669921875"
"1994","Not Employed","in school","15998.69","13547.49","223","7961.3","11117.33","17359.57","23348.8","56027.5","14822.92","17174.46","2947.5","102068.5","12176.0458984375","13554.5712890625"
"1994","Not Employed","inadequately","9245.95","8784.45","255","5084.07","6590","10830","13175","27025","8728.53","9763.37","0","32515","8962.2724609375","9939.5654296875"
"1994","Not Employed","middle vocational","13218.06","12009.35","2176","7197.39","9241.67","15641.33","20156","37272","12965.28","13470.84","0","71178","11518.095703125","11902"
"1994","Not Employed","vocational + Abi","12870","11713.18","108","4093","7721.54","17229.33","22162","34031","11605.24","14134.76","0","42196.67","10626.7998046875","13515.2001953125"
"1995","Employed","general elemantary","14519.96","13780.25","1266","7826.67","10395","17873","21812.67","33662.67","14199.8","14840.12","1503","45316","13142.9541015625","13743.333984375"
"1995","Employed","higher education","21764.85","19403.32","1394","10834.58","14727.2","26630.48","33072","67761.5","21203.87","22325.83","2295","118529.45","17568","18355.65234375"
"1995","Employed","higher vocational","19324.65","17019.02","574","10904","13478.1","22975.33","30050","45627","18623.83","20025.47","2212.63","118529.45","15514.783203125","16671"
"1995","Employed","in school","","","","","","","","","","","","","",""
"1995","Employed","inadequately","13214.33","12226.4","276","8076.67","9980.71","15623","18966.67","29679.33","12559.93","13868.73","2322.86","56842","11799.2861328125","13090.400390625"
"1995","Employed","middle vocational","16683.11","15422.4","4497","9286","12038","19786.5","25075.6","41651","16487.27","16878.95","1558","74048","14430.0009765625","14865.599609375"
"1995","Employed","vocational + Abi","16578.33","15073.88","349","8679.33","11635.38","19517","28051","39983.33","15825.05","17331.61","1227","44423.33","14482.7998046875","15495.2177734375"
"1995","Not Employed","general elemantary","11410.48","10689.7","1250","6120.67","7945","13878","17676.67","26206.67","11132.32","11688.64","385","43974","10506","10978.5"
"1995","Not Employed","higher education","16221.27","14169.61","369","6946","10458","21110.67","27718","43603.33","15462.5","16980.04","0","47776","12052.6669921875","13545.599609375"
"1995","Not Employed","higher vocational","14236.14","13699.54","191","7632.67","9962.67","17084","20569.33","39301","13212.84","15259.44","2877.33","43360.67","12089.3330078125","14166"
"1995","Not Employed","in school","15290.17","13838.57","277","7872.42","10431","18186.8","23020.87","45010.77","14446.23","16134.11","1090","74048","12067.0966796875","13666"
"1995","Not Employed","inadequately","8787.13","8484.74","260","3960","6390.38","10849.67","13949.33","26577.78","8235.35","9338.91","533","28881.5","8692.22265625","9988"
"1995","Not Employed","middle vocational","13637.23","12101.62","2260","7123","9340","15628","20702","39498.67","13349.09","13925.37","0","125661","11556","11980.0009765625"
"1995","Not Employed","vocational + Abi","11672.62","10788.55","130","4384","7364.09","15630","19557.78","26406","10757.24","12588","0","31790.67","9845","12121.5"
"1996","Employed","general elemantary","14507.38","13862.4","1210","7697.83","10424.29","17906","22388.4","31148.57","14185.16","14829.6","814.41","51092","13094.6669921875","13597.1435546875"
"1996","Employed","higher education","22395.91","20080.58","1416","11672.67","15088","27229.6","35772.67","56878","21879.1","22912.72","807","118062.5","18270","19185.599609375"
"1996","Employed","higher vocational","19066.15","17467.25","588","10581.11","13422.17","23048.33","27888.5","49879","18393.88","19738.42","2547.14","87678","16035","17326.666015625"
"1996","Employed","in school","","","","","","","","","","","","","",""
"1996","Employed","inadequately","12772.04","12789.62","249","7048.46","10120.67","15233.33","18446","32687.78","12194.15","13349.93","2099","32687.78","12284.34765625","13227.5"
"1996","Employed","middle vocational","17056.42","15484","4454","9682.5","12250.42","19984.67","25109.33","44575.33","16822.8","17290.04","2209","193088","14573.478515625","14954.7998046875"
"1996","Employed","vocational + Abi","16768.7","15658.37","359","8862.8","11703.33","19458","27286.4","38462","16089.01","17448.39","2516.92","44446.67","14839.4453125","16250"
"1996","Not Employed","general elemantary","11856.31","11214.4","1199","6002","8320.95","14151.33","18599.2","29644.67","11568.59","12144.03","0","44148.67","10877.1435546875","11361.3330078125"
"1996","Not Employed","higher education","17027.7","15947.02","354","8440","11401.91","20844","27321.25","38892","16244.21","17811.19","915","60510","13795.3330078125","15171.3330078125"
"1996","Not Employed","higher vocational","14422.71","13536.86","182","7592.5","10894","17152.67","22391","33441.33","13520.4","15325.02","0","37848","12763.4619140625","14368"
"1996","Not Employed","in school","15972.53","14188.92","277","7041.33","10706.96","19167.6","23695","50974.8","14882.66","17062.4","1231.33","118062.5","12878","14194.5"
"1996","Not Employed","inadequately","9566.62","8835.89","247","4135.33","6299","11488.62","16642.4","23269.64","8967.11","10166.13","814.41","29274.5","9129.3330078125","10553.3330078125"
"1996","Not Employed","middle vocational","14000.31","12598.64","2193","7373","9778","16328","21192","38600.67","13718.75","14281.87","0","113924","12057.3330078125","12617"
"1996","Not Employed","vocational + Abi","12100.21","11274.84","119","5887.14","8078","14758.67","18983","33240.67","10986.64","13213.78","2467.22","38477.33","10147.599609375","12200.4765625"
"1997","Employed","general elemantary","15176.31","14284.76","1142","8641.05","11190.83","18057.33","23686.67","31701.33","14838.67","15513.95","818","51670","13248.6669921875","13960"
"1997","Employed","higher education","22672.88","20006.21","1411","11721.33","15406","27799.33","36402","58588","22139.52","23206.24","660","97731.34","18356","19435.23828125"
"1997","Employed","higher vocational","19708.26","17589.33","582","11402.78","14071","22255","30256","46633.08","19045.62","20370.9","4538.48","96508.89","16288.6962890625","17589.333984375"
"1997","Employed","in school","","","","","","","","","","","","","",""
"1997","Employed","inadequately","13178.18","12852.17","220","7839.7","10372.38","15574.8","18834.76","28557.22","12563.39","13792.97","2346","31038.67","12762.2587890625","13699.3330078125"
"1997","Employed","middle vocational","17123.52","15900","4284","9904.33","12410","20077","25482.67","43721.33","16925.71","17321.33","1968.67","110923","15168.5","15543.703125"
"1997","Employed","vocational + Abi","17403.24","15886.47","343","8843.5","12497.83","21474.67","26592","40428","16699.77","18106.71","3231","43756.67","15600.5556640625","17091.740234375"
"1997","Not Employed","general elemantary","11941.06","11234.33","1208","6112","8611","14315.6","18466.67","28530.8","11641.18","12240.94","211","42960","11023.2001953125","11637.599609375"
"1997","Not Employed","higher education","18348.55","16765.83","364","9233","12387","22767","30159","47544.67","17533.39","19163.71","102","67279.34","14457.3330078125","16204"
"1997","Not Employed","higher vocational","14594.2","13245.46","181","7052","11168","16994","23211.33","39419.33","13592.98","15595.42","1825","46362","13014.7998046875","13864.5"
"1997","Not Employed","in school","15557.55","14309.97","302","8004.52","10708.67","19168.8","25021.5","40861.43","14816.88","16298.22","2552.78","43993.2","12887.599609375","14340"
"1997","Not Employed","inadequately","10159.8","9524.05","248","4770","7127","11938.7","15638.67","30676.8","9542.95","10776.65","622.67","42070.32","9775","10958.400390625"
"1997","Not Employed","middle vocational","14267.88","12799.11","2232","7635.33","10043.33","16354","22144","39860.67","13992.89","14542.87","143","96119.5","12491","12910.6669921875"
"1997","Not Employed","vocational + Abi","12972.35","12605.81","115","5847","7847.62","16162.67","18900","33728","11813.88","14130.82","3136.67","45809.33","10968","14120.400390625"
"1998","Employed","general elemantary","15098.92","13924.46","1202","8563.21","11407.14","18127.33","23078","32663","14747.13","15450.71","1289.13","67745.34","13321.0712890625","13800"
"1998","Employed","higher education","22975.81","20906.59","1547","12151.2","15694.67","27276","36283.5","60723","22493.55","23458.07","3504","110450","19104","20172"
"1998","Employed","higher vocational","19134.2","17414.03","622","11552.8","13830.48","22063.2","28177","46064.67","18519.62","19748.78","5375.71","110450","16072.6669921875","17607"
"1998","Employed","in school","","","","","","","","","","","","","",""
"1998","Employed","inadequately","13719.36","12980.45","211","8215.5","10232","17429","19242.5","29390.67","13034.82","14403.9","3044.67","35104","12711.3330078125","14179"
"1998","Employed","middle vocational","17208.81","15724.5","4542","10011.91","12504.5","20530","25906","40944","17007.37","17410.25","750","131763.81","15229.3330078125","15557.7783203125"
"1998","Employed","vocational + Abi","18314.21","17164.21","386","10204.67","13182.67","21506","27204","43616.67","17609.08","19019.34","3129","56421.43","16365.2392578125","17591"
"1998","Not Employed","general elemantary","12268.85","11712","1359","6554.29","8921","14869.52","18467.33","28903.2","11990.22","12547.48","0","45147.33","11503.3330078125","12111.3330078125"
"1998","Not Employed","higher education","18505.82","16740.7","432","9666","12266.67","23098","30563","44451","17757.81","19253.83","1638","63627.33","15365.3330078125","16720"
"1998","Not Employed","higher vocational","15676.59","14064.07","206","8444","11460.67","17975.33","23628.67","38994.67","14303.27","17049.91","2328","131763.81","13494.6669921875","14708"
"1998","Not Employed","in school","14802.21","13639.84","317","7132.86","10243.82","18606.67","23835","31327","14107.64","15496.78","229","46278.5","12711.3330078125","14156.5224609375"
"1998","Not Employed","inadequately","10448.06","10018.45","237","5500.65","7282","12618.21","15126.77","26013.93","9842.58","11053.54","2779","39788","9848.5","10944.4443359375"
"1998","Not Employed","middle vocational","14401.74","13171.41","2516","7635.17","10190.56","16753","22752","38338","14138.99","14664.49","0","90368","12686.6669921875","13065"
"1998","Not Employed","vocational + Abi","13840.94","13743.11","126","5492.67","7903.33","17199","23873.81","50031","12517.5","15164.38","1841","50031","10944.5830078125","14300"
"1999","Employed","general elemantary","15280.17","13987.6","1186","8658","11006.67","18640.67","23638.33","37093.33","14921.02","15639.32","341","77801.34","13414","14126"
"1999","Employed","higher education","23747.89","21191.73","1545","12511.07","16038.8","28504.5","37348.67","65600","23241.51","24254.27","3687","121408","19798.21484375","20854.34765625"
"1999","Employed","higher vocational","19996.54","18115.48","629","12093.91","14262","22953.89","29673.33","53770.67","19327.47","20665.61","5082","122128.66","17075.556640625","18310"
"1999","Employed","in school","18469.34","17549.53","45","10745","13136.5","22078.8","27866","33404","16378","20560.68","6913.89","40907.67","15733","20245.65234375"
"1999","Employed","inadequately","13815.01","12795.14","201","7992.57","10537.5","17676.4","20084","25984.8","13182.15","14447.87","3634","28806.8","12258.96484375","13974"
"1999","Employed","middle vocational","17611.61","16179.21","4616","10226.96","12553.48","21140.67","26462.5","43432.4","17403.59","17819.63","626","121408","15370","15808.2607421875"
"1999","Employed","vocational + Abi","18839.53","17654.86","403","10200","13263.33","22131.25","29496.67","45584.67","18106.94","19572.12","3068","53788","17053.333984375","18269"
"1999","Not Employed","general elemantary","12858.26","11988.3","1275","6748.5","9362","15263","19894","30811","12553.34","13163.18","102","45196","11832","12390.6669921875"
"1999","Not Employed","higher education","18889.99","17150.94","426","9143","12654","23525.33","30456.67","48214","18051.99","19727.99","246","81720","15376","16732.916015625"
"1999","Not Employed","higher vocational","14903.21","13884.12","194","8687.14","11230","17154","21273.33","36142.67","14061.69","15744.73","4986.25","41908.67","13346.19140625","15071.3330078125"
"1999","Not Employed","in school","15575.86","13450","276","7806.09","10342.5","18602.67","27982","35661","14765.28","16386.44","2721.2","41198.57","12543.21484375","13909.599609375"
"1999","Not Employed","inadequately","10531.77","10236.81","227","5462","7031","13125.33","16155.24","21508.67","9919.75","11143.79","2721.2","37209.16","10033.939453125","11496.5"
"1999","Not Employed","middle vocational","14910.21","13511.62","2352","7883.5","10500.56","17383","23418.67","40144.67","14616.21","15204.21","108","122128.66","12960.6669921875","13513"
"1999","Not Employed","vocational + Abi","16165.3","13854.01","107","6199","9171.2","19568","26794.67","56482","14454.97","17875.63","1308","56482","11332.5","14556.6669921875"
"2000","Employed","general elemantary","15328.54","14150.46","1582","8595.38","10952.4","17906","22328","44034.4","14952.48","15704.6","1048","116188.66","13720.4765625","14347.3330078125"
"2000","Employed","higher education","24824.14","22240","2973","12914","16791","29652","39081.43","69307","24387.79","25260.49","2045","158300","21422.333984375","22108.888671875"
"2000","Employed","higher vocational","19859.49","18111.1","1376","11776.4","14534","23341.33","30046","47197","19447.66","20271.32","2181.33","66358","17266.80078125","18166"
"2000","Employed","in school","19117.7","17023.35","84","8721.2","12785.36","21968.7","31290.8","60136.8","17072.24","21163.16","805","60136.8","15040.7998046875","18164"
"2000","Employed","inadequately","13127.86","12808.8","165","7177.08","9624.76","16180.67","19363.33","25319.57","12422.28","13833.44","3734","30529.2","12240.7998046875","13970"
"2000","Employed","middle vocational","17995.52","16399.6","8162","10215.38","12939","21175.5","26824","48161.11","17807.08","18183.96","722","222456","16070.6669921875","16321"
"2000","Employed","vocational + Abi","19070.64","17467.9","839","10142","13630.87","23098","29283","49482","18518.6","19622.68","2717.33","60746.67","17007.5","18005"
"2000","Not Employed","general elemantary","12513.75","11629","1997","6802","9118","14917.5","19207.5","30302.67","12272.74","12754.76","0","61573.33","11565","12010"
"2000","Not Employed","higher education","19841.63","17838.2","865","9179","13412.22","24273","31140.67","55298","19140.39","20542.87","13","146879.33","16688","17790.369140625"
"2000","Not Employed","higher vocational","16021.83","14546.5","518","8954.67","11502","18296","23363","54710.67","15349.27","16694.39","540","65226.67","14170","15175"
"2000","Not Employed","in school","15514.13","14270.4","414","8263.57","10826.67","18815.2","25284.5","38504.5","14852.92","16175.34","0","43699.2","13522.4248046875","14917.857421875"
"2000","Not Employed","inadequately","10418.97","9958.5","241","5100.83","7344.5","13496","16059","20503","9801.09","11036.85","0","35818.8","9488.3330078125","10932.7998046875"
"2000","Not Employed","middle vocational","14919.17","13581.47","4716","7989.29","10624","17452.86","22709","43192","14704.9","15133.44","0","181406","13368.6669921875","13713.599609375"
"2000","Not Employed","vocational + Abi","16472.97","14660","291","6709.44","9920.77","19621.33","27253.33","58422.5","15029.46","17916.48","258","146879.33","12739.3330078125","14903"
"2001","Employed","general elemantary","15137.21","14237.06","1465","8271.33","10862.61","17992.67","22272","36875.33","14798.8","15475.62","1338","89866.5","13945.599609375","14561.599609375"
"2001","Employed","higher education","25200.25","22817.33","2752","13318","17184.67","30587.14","38942","69574","24779.76","25620.74","2302","146777.5","21923.478515625","22835.556640625"
"2001","Employed","higher vocational","20478.15","19062.08","1212","12470.67","15015.56","23661.43","30722.67","49435.65","20033.45","20922.85","2528","72014","17752.666015625","18745.333984375"
"2001","Employed","in school","17524.9","15391.22","122","9617","13033.5","20530.4","28569.5","40949","16165.52","18884.28","2173","43260.4","14882.400390625","17881.78515625"
"2001","Employed","inadequately","13486.19","13030.09","133","7541.67","10128.75","16405.2","19985.81","26234.4","12682.1","14290.28","2926","26234.4","12079.0478515625","14138"
"2001","Employed","middle vocational","18518.36","16840.98","7393","10438.62","13337","21544","27229","49945","18308.91","18727.81","1182","212321","16525.599609375","16785.556640625"
"2001","Employed","vocational + Abi","19705.82","18024.14","797","10223","13793","23955.33","31266.67","49439.33","19088.58","20323.06","3375","78648","17592.666015625","18955.5"
"2001","Not Employed","general elemantary","12883.14","12091.88","1657","6802","9203","15590","20000.67","31006","12607.25","13159.03","7.22","74313.34","11910.6669921875","12604.6669921875"
"2001","Not Employed","higher education","19620.64","18044.44","816","9764","13472.67","23813.33","30213.33","49920","18917.33","20323.95","829.33","174416","17295.23828125","18376.80078125"
"2001","Not Employed","higher vocational","16321.07","15021.25","470","9422","11804","19836","24552.67","44662","15654.38","16987.76","1090.67","62610","14643.3330078125","15707.3330078125"
"2001","Not Employed","in school","16474.56","14761.4","429","8773.55","11302.5","19473","26351.74","46780.5","15735.51","17213.61","0","51168","14061.5","15457.5"
"2001","Not Employed","inadequately","10720.38","9874","179","5767","7812","13312","16620","25220.71","9941.66","11499.1","3052.17","36091.6","9923.4619140625","11407.599609375"
"2001","Not Employed","middle vocational","15315.63","14061.18","4261","8232","10855","18026","23461.33","42309.33","15104.26","15527","0","85041.34","13855.3330078125","14199.4443359375"
"2001","Not Employed","vocational + Abi","17500.33","15327.13","282","6376","10340.56","21907","29200.95","47389.33","16028.17","18972.49","2649","174416","13556","15722.5"
"2002","Employed","general elemantary","15257.64","14002.73","1351","8068","11185.24","17892.5","22881.33","42143.33","14799.56","15715.72","1400","130258","14642","15601.6669921875"
"2002","Employed","higher education","27480.95","23674.74","3624","13399","17881.67","32426.67","44849","90026.66","26826.4","28135.5","2216","289608","26300.435546875","27258.5"
"2002","Employed","higher vocational","20701.06","19275.71","1266","11894.67","14914.29","24407.14","31069.33","50027.33","19998.34","21403.78","5135.71","289262.66","19607","20390.953125"
"2002","Employed","in school","18472.74","16124.83","128","10642.17","13466","22830","29079.2","40557.83","17062.15","19883.33","6940","51872.8","17911.599609375","21952.80078125"
"2002","Employed","inadequately","13158.5","12780.57","121","7061.61","9354.4","16265.5","19336","24084.67","12180.58","14136.42","1246.67","31325","12216.5224609375","14849"
"2002","Employed","middle vocational","18945.51","17200.82","7385","10355","13505.5","21980","28632","53158","18679.51","19211.51","140","231124.41","17620.80078125","18002.916015625"
"2002","Employed","vocational + Abi","20469.49","18837.36","868","10239.26","14035.24","24488.67","31560.67","58859","19494.33","21444.65","918","234613","19582","21413.333984375"
"2002","Not Employed","general elemantary","12776.37","11843.1","1573","6703.33","9012","15505.71","19983","33434.67","12435.61","13117.13","472","67288","11986.95703125","12636.6669921875"
"2002","Not Employed","higher education","20426.21","17912.85","950","9302.67","13505.33","23095.33","32296","67826","19196","21656.42","0","308295.34","18830.666015625","20362.08203125"
"2002","Not Employed","higher vocational","16550.78","15273.77","484","8663.33","11616","19485.33","25460.67","48725.41","15630.05","17471.51","1872","110736.66","14904","16277.6201171875"
"2002","Not Employed","in school","15631.9","14051.35","489","8127.33","11100","17830.8","24311.3","41890","14810.77","16453.03","1168","69206.66","15559","16828.21484375"
"2002","Not Employed","inadequately","10461.21","9775.47","164","4962.16","7080","13563","15685.83","22552.33","9566.87","11355.55","1760","48568.67","9553.3330078125","11831.3330078125"
"2002","Not Employed","middle vocational","15403.24","13848.29","4269","8091","10853.33","18056.67","23502","43796","15071.52","15734.96","0","387826.66","14146","14564.7626953125"
"2002","Not Employed","vocational + Abi","16615.48","13422.44","312","7221","9206","19494.78","27874","68891.34","13299.46","19931.5","82","387826.66","14491.3330078125","16630"
"2003","Employed","general elemantary","16107.27","14998.2","1265","8707.42","11235","19620.5","24364","39754.29","15648.11","16566.43","1976.67","106911","15275.2001953125","16172.5"
"2003","Employed","higher education","27983.5","24177.86","3397","13887","18502.22","32395.33","46052","92124","27379.8","28587.2","1400","286685","26919.19921875","27920"
"2003","Employed","higher vocational","21745.38","20461.61","1207","12352.38","15463.33","25792.67","33414.67","52417.5","21109.38","22381.38","2547.5","144566","20342.77734375","21345.333984375"
"2003","Employed","in school","19514.86","17904.87","117","10740.4","13221.43","23107","30993","53573","17603.49","21426.23","3986.8","61009.6","18060.400390625","23055.21875"
"2003","Employed","inadequately","13846.07","14140.49","109","6914.17","9536","16043.6","22146.5","25870","12692","15000.14","2958","42116","13020","15152"
"2003","Employed","middle vocational","19466.56","17679.91","6974","10800.87","13827.5","22885","28944","54116","19200.65","19732.47","975","252016.41","18009","18431.333984375"
"2003","Employed","vocational + Abi","20494.76","19210","872","10611.6","14695.71","24628","30837.5","53294.79","19710.33","21279.19","1725","129746.66","20011.66796875","21346.66796875"
"2003","Not Employed","general elemantary","13014.39","11884.9","1502","6974","9178.67","15638","20522.78","32952.67","12670.76","13358.02","0","88425","12099.2109375","12720"
"2003","Not Employed","higher education","21526.61","19122.56","972","9951","14679.33","25874.67","32147.22","65342","20408.93","22644.29","839","252016.41","19885.5","21458"
"2003","Not Employed","higher vocational","16968.96","15714.13","487","8845.33","11643.33","19687.33","24570","55186","16120.15","17817.77","1857","100853.34","15567","16487.333984375"
"2003","Not Employed","in school","17386.21","15345.81","501","8508","11473","20401.5","29180.4","45933.91","16515.71","18256.71","696","79602.4","16840","18583.5"
"2003","Not Employed","inadequately","10348.66","9717.66","162","5298.5","6683.33","12666","17775","26042.67","9458.36","11238.96","1184.62","46613.5","9400","11174.7998046875"
"2003","Not Employed","middle vocational","15788.69","14327.59","4203","8236","10870.5","18476.5","24640","46498.67","15428.27","16149.11","0","403917.34","14709.3330078125","15080.6669921875"
"2003","Not Employed","vocational + Abi","18776.83","14888.49","292","7053.33","10089","20742","29189","85848","15112.34","22441.32","2312","403917.34","15120.5556640625","17689.333984375"
"2004","Employed","general elemantary","15760","14731.14","1160","8382.8","11167.33","18773","23246.5","40218.34","15294.7","16225.3","1103","82093","15155.8330078125","16071.4287109375"
"2004","Employed","higher education","28337.43","24486","3313","13317","18433.33","32702.67","43673","85562","27164.39","29510.47","600","1364491.38","26699.130859375","27605.333984375"
"2004","Employed","higher vocational","21547.54","19858.18","1155","12576.67","16072","25421","31406.67","49187.33","20704.26","22390.82","2528","385034","20218","21256.666015625"
"2004","Employed","in school","18839.97","17457.2","93","8258","11633.89","22697.5","32416","62142","16429.85","21250.09","6053","70917.5","17970.71484375","22200.80078125"
"2004","Employed","inadequately","13461.37","12115.25","102","6716.67","9173","17491","20907","24886.67","12344.24","14578.5","3426.19","33879.5","11878.400390625","14837.3330078125"
"2004","Employed","middle vocational","19232.72","17689.04","6660","10583.33","13766","22697.5","28928.67","51963.33","18949.16","19516.28","633","263526.66","18105","18436"
"2004","Employed","vocational + Abi","20572.79","18784.03","880","10557.22","14278.33","23861.33","31245.5","54139.33","19711.1","21434.48","3800","226523.33","19918.572265625","21086.80078125"
"2004","Not Employed","general elemantary","13007.99","12265.75","1442","6645.33","9278","15755.33","20060.32","30370.67","12651.68","13364.3","0","83170","12355.171875","12906.6669921875"
"2004","Not Employed","higher education","21286.23","19194.71","998","10480","14667.33","25464","31402","76217.34","20383.82","22188.64","207","180815.33","19936.666015625","21706.666015625"
"2004","Not Employed","higher vocational","18781.45","15715.7","493","8574.67","11959.5","19679.33","24426.5","43648","13362.47","24200.43","154","1364491.38","15454","16744"
"2004","Not Employed","in school","17038.47","15285.89","546","9516","11777","19901.94","25549.71","46949","16142.19","17934.75","3983.93","114816","16169.599609375","17997.5"
"2004","Not Employed","inadequately","11557.36","9778.81","154","4850.5","7482","14165","17988","42401.07","10499.83","12614.89","1421.54","45055","9407.5","11310.400390625"
"2004","Not Employed","middle vocational","15671.86","14286","4186","8061","10839.33","18602.67","24188.67","43134","15356.56","15987.16","0","347141.34","14671.3330078125","15056.6669921875"
"2004","Not Employed","vocational + Abi","18936.64","15530.19","287","7414","10502.78","21821.33","33452.5","83170","16022.27","21851.01","70","347141.34","15631.3330078125","17569.333984375"
"2005","Employed","general elemantary","15651.11","14440.98","1056","7841","10330.5","19010.4","24250","44032","15135.91","16166.31","1130","90396.12","15073","16142"
"2005","Employed","higher education","29014.63","25165.66","3173","13236","18520.67","34383","45331.33","82500","27768.03","30261.23","1530","1659708","27283.333984375","28383.748046875"
"2005","Employed","higher vocational","22337.64","20750.44","1110","12575.24","16543.91","26148.33","33086.19","50606.67","21624.96","23050.32","2396","189426","20716","21885"
"2005","Employed","in school","19905.33","18466.16","99","9934.64","14311.5","21491.54","34332.4","46239.6","17767.43","22043.23","3559","63026.79","19376.80078125","23977.19921875"
"2005","Employed","inadequately","13495.62","12332.2","92","7366.15","8471","17136.09","21356.5","29221.33","12200.98","14790.26","2299","35980","11734.5","14783.0439453125"
"2005","Employed","middle vocational","19606.12","17942.78","6335","10524","13944","22935","29818","52397.33","19296.43","19915.81","1200","383349.34","18330.5","18789"
"2005","Employed","vocational + Abi","20559.16","18754.78","852","10792.92","14639.5","24840.67","32466","50996.52","19819.34","21298.98","2618","84918.4","19767","21410"
"2005","Not Employed","general elemantary","13343.27","12323.37","1360","7453.33","9659","16131","20761.33","31995","12975.81","13710.73","385","103671","12410","12924.6669921875"
"2005","Not Employed","higher education","21887.33","19540.8","1007","10358.1","13906","26982","34538.67","65190","20741.61","23033.05","0","315731.34","20346","22155"
"2005","Not Employed","higher vocational","20617.65","15945.59","458","9588","12163.5","20520","26101","45127.33","13530.46","27704.84","0","1659708","16127.3330078125","17286.666015625"
"2005","Not Employed","in school","16538.29","14487.87","552","8499.33","10520.5","19486.09","26455.5","45977.5","15531.05","17545.53","666.67","145301.5","15576.4521484375","17829.599609375"
"2005","Not Employed","inadequately","11078.84","9483.33","154","6221.5","7500","13542","19737","24620.67","10125.65","12032.03","3177.78","54417.33","9202","10903.5"
"2005","Not Employed","middle vocational","15916.43","14466","3973","8316","11021.33","18988.5","24628","42636.4","15553.62","16279.24","0","466162","14703.333984375","15167"
"2005","Not Employed","vocational + Abi","18864.71","15764.08","285","7077.5","10931.33","22115","32162","53717.33","15157.71","22571.71","0","466162","15327.7783203125","17648"
"2006","Employed","general elemantary","16283.54","14401.89","1023","7965","10909.6","18948.5","25146.5","60250.67","15671.94","16895.14","2376","175299","14891","15980"
"2006","Employed","higher education","30233.45","26079.57","3418","13730","19016","35018.67","48337.08","110036","29361.08","31105.82","1010.67","593626","27670.001953125","28735.333984375"
"2006","Employed","higher vocational","23146.84","20856.6","1140","12596","16356.79","26854.67","34163","65097","22320.31","23973.37","3742.22","284441.5","20890.400390625","22242.22265625"
"2006","Employed","in school","18969.96","17533.89","68","8940","14229.5","23376.4","29661","46706.5","16647.29","21292.63","6186.61","57337.33","16911.5","21111.19921875"
"2006","Employed","inadequately","13527.98","12329.75","92","6808","8745.6","17373.33","20734.5","29083.33","11848.97","15206.99","3743","58991.5","11654","14277.599609375"
"2006","Employed","middle vocational","19975.82","17974","6634","10493.33","13813","23394","29790.67","59776.67","19608.23","20343.41","624","593626","18423.599609375","18866.666015625"
"2006","Employed","vocational + Abi","21515.37","18866.56","920","10866.25","15033.89","24760","34161.5","60845.33","20322.61","22708.13","761","436398","19934.400390625","21510"
"2006","Not Employed","general elemantary","13352.73","12581.52","1535","6850.59","9518.67","16136","20234","32309.33","13003.25","13702.21","728","87216","12592","13136.7861328125"
"2006","Not Employed","higher education","22782.33","19876.41","1172","10492.67","14428.89","27407.5","37777.43","76206.66","21725.67","23838.99","1010.67","228044.5","20286","21875"
"2006","Not Employed","higher vocational","18688.69","15966.73","519","8860.67","12409.33","20648","27179.33","50077","16391.27","20986.11","2504","587142.69","15986","17556"
"2006","Not Employed","in school","17526.42","15545.85","571","8114.64","10740.71","21321.74","27208.67","54268.5","16428.83","18624.01","2702","124819.5","16973.9140625","18887.5"
"2006","Not Employed","inadequately","10656.47","9166","151","6180","7578.67","12352.33","17361","24221.33","9694.99","11617.95","2663.33","56905.33","8732","10786.6669921875"
"2006","Not Employed","middle vocational","15750.46","14233.43","4510","7820","10611.33","18977.5","24937.33","43322.67","15412.91","16088.01","0","436398","14619.5244140625","15056.5"
"2006","Not Employed","vocational + Abi","19991.98","16382.78","300","6968","11772","22705","34346.67","86208.5","18156.97","21826.99","1555.38","211943.33","16162.400390625","18018.666015625"
"2007","Employed","general elemantary","16362.5","15035.98","902","8600","11448","19791.2","24372","41194","15772.26","16952.74","2112","119252","15341.2001953125","16430"
"2007","Employed","higher education","30466.93","26370.23","3244","14400","19546.67","35548.67","48293.33","100560","29652.4","31281.46","644","613426","27634","28859.333984375"
"2007","Employed","higher vocational","23719.47","21549.21","1044","12974","16451.33","27102.86","37041.11","64687.5","22947.86","24491.08","4095","120145.2","21273.333984375","22448.888671875"
"2007","Employed","in school","19042.48","17638.42","51","7050.44","13716.67","22219.64","28875.5","57104.8","14023.52","24061.44","2175","124519.6","16463.939453125","21619.5"
"2007","Employed","inadequately","15297.06","14785.36","81","8565","11076.67","17779","23083.6","34223","13565.48","17028.64","4969.33","59063","11977.5","15516.19140625"
"2007","Employed","middle vocational","20149.27","18137.77","6224","10686","14153.33","23508.4","30166.67","57290","19822.04","20476.5","1719","276086.66","18500","18970.666015625"
"2007","Employed","vocational + Abi","21541.47","19839.17","879","11086.4","14839.57","25018","33396.67","64918.8","20672.13","22410.81","3806.45","121984.66","19925","21311.333984375"
"2007","Not Employed","general elemantary","13755.39","12647.68","1377","7480","9686","16474.67","21000","32613.33","13336.95","14173.83","28","120145.2","12664","13356.4287109375"
"2007","Not Employed","higher education","22813.83","19848.89","1158","10525","14492","28401.33","38157.33","67880.66","21695.08","23932.58","0","312269","21059.333984375","22353"
"2007","Not Employed","higher vocational","17236.28","15721.81","495","9217.33","11955.71","20016.5","28206.67","44754.4","16459.93","18012.63","2692","72752.66","15899.3330078125","17182.666015625"
"2007","Not Employed","in school","16805.84","15104.02","578","8412.67","11243.57","20555.33","26283.2","48641.2","15817.78","17793.9","4","124519.6","16950","18180.400390625"
"2007","Not Employed","inadequately","10996.33","10651.87","138","4800","7726","13477.33","16586","25132","9940.11","12052.55","2600","57934","10167.5810546875","11422.857421875"
"2007","Not Employed","middle vocational","16447.5","14596.62","4161","8176","11008","19613.33","25633","47200.5","16046.21","16848.79","0","362992","14912.4990234375","15356"
"2007","Not Employed","vocational + Abi","19615.73","16097.44","296","7562","11337.33","23189","32490","55154.67","16586.45","22645.01","81","362992","16273.4619140625","18240.666015625"
"2008","Employed","general elemantary","17038.54","15744.52","832","9392","12570.8","20056","24746","44620","16463.38","17613.7","590","121046.67","15599.6162109375","17056.333984375"
"2008","Employed","higher education","31588.16","26998.03","3046","13761.11","19830.5","36632.38","49151.33","107417.2","30531.99","32644.33","1176","886350.69","28034","29300.666015625"
"2008","Employed","higher vocational","23881.6","21862.39","963","13288","17028.89","27303","35654.67","63681.91","22896.66","24866.54","4672.22","316196.41","21451.740234375","22597.666015625"
"2008","Employed","in school","18671.55","17089.06","65","11280.67","13652.5","21856","28234.4","48964.4","16282.77","21060.33","5723","49413.5","17402.80078125","21918"
"2008","Employed","inadequately","15527.35","14248.68","70","8582","10274.67","18376.67","25128.8","41780","13947.03","17107.67","4202","41780","11875.76953125","15767"
"2008","Employed","middle vocational","20741.05","18984.25","5916","11069.64","14466.4","24341.5","30858.8","61901.33","20402.54","21079.56","664","351931.34","19113","19655.556640625"
"2008","Employed","vocational + Abi","22132.2","19625.91","843","11582.67","15138.67","26254","34079","72759.34","21231.59","23032.81","1466","120905.72","20662.666015625","22116.666015625"
"2008","Not Employed","general elemantary","14003.93","12405.5","1259","7362","9575","16388.33","21437.2","44248.67","13549.84","14458.02","40","116089.6","12565.3330078125","13305.76953125"
"2008","Not Employed","higher education","23768.29","20329.33","1162","10958","15078.67","28749","38011.33","71555.34","22586.73","24949.85","170","297058.5","21400.80078125","23418"
"2008","Not Employed","higher vocational","20027.34","15978.92","459","9085.56","12387","21272","27325","45230.67","16220.1","23834.58","4152","886350.69","16278","17880"
"2008","Not Employed","in school","17944","15569.17","489","8761.43","11405.6","22353.5","28677.5","48647.86","16829.31","19058.69","1848","161348.5","16748.5","18875.65234375"
"2008","Not Employed","inadequately","10969.58","9582","117","5945","7670.77","13646","18194.8","24388","10137.42","11801.74","2959","31365","9437.3330078125","11404"
"2008","Not Employed","middle vocational","16632.87","14967","3871","8275","10968","19910","26050.67","44918","16243.35","17022.39","0","346442","15204","15600"
"2008","Not Employed","vocational + Abi","19052.99","16813.88","257","8332","11714.29","22055.56","29450","56754.67","15550.32","22555.66","1000","346442","15978.6669921875","18759"
"2009","Employed","general elemantary","17451.05","15950.37","754","9638.93","12445.22","19852","24166","61481.2","16621.73","18280.37","1933.33","181931.59","15619.3330078125","16811.666015625"
"2009","Employed","higher education","31647.5","27506.8","2942","14922","19898.67","37328.34","49796.67","117858.66","30701.93","32593.07","1410","624596","28382.400390625","29436.66796875"
"2009","Employed","higher vocational","24502.94","22339.47","912","13540","17363.33","28721.5","36027.5","57016","23690.47","25315.41","3236.67","178615","21555","22958"
"2009","Employed","in school","17883.14","15591.22","61","9076.5","11511.67","21496","24729.33","42930.8","13378.02","22388.26","5874","138905","16211.2001953125","20992.400390625"
"2009","Employed","inadequately","15614.93","14473.86","72","7994.62","10332.78","17727.6","25478","41825","13963.58","17266.28","4798","41825","10764.6162109375","15276.6669921875"
"2009","Employed","middle vocational","20921.67","19272.06","5557","11040","14649.05","25004.29","30951","57526.19","20555.27","21288.07","360","452544.66","19481.599609375","19989"
"2009","Employed","vocational + Abi","23485.42","21348.92","759","12924.17","16233.04","28457.6","34483.6","74106","22576.72","24394.12","2800","98852.5","21688","23111.66796875"
"2009","Not Employed","general elemantary","13655.7","12603.64","1100","7440","9439","16320","21420.4","30237","13218.15","14093.25","0","88178.8","12660","13494"
"2009","Not Employed","higher education","24597.41","20895.1","1107","10837","15050","30063","41280.67","74794","23502.37","25692.45","50","251952.67","21628.666015625","23553.333984375"
"2009","Not Employed","higher vocational","17682.89","16130.09","426","8634","12551.33","21200.67","26763.33","43973.33","16743.28","18622.5","3236.67","122412","16089","17464.400390625"
"2009","Not Employed","in school","18825.16","16224.92","446","10154","11791.33","22358","29509.5","57568.5","17600.07","20050.25","2869.6","138615.5","17448","19621"
"2009","Not Employed","inadequately","10802.03","10294.71","97","4845.33","7983.5","14569.5","15990","20009","9911.48","11692.58","4128","32442.31","9064","11249.3330078125"
"2009","Not Employed","middle vocational","16349.05","14706.67","3555","8203.6","11068.67","19536","25746.67","45973.81","16025.56","16672.54","0","124830.5","15080","15620.6669921875"
"2009","Not Employed","vocational + Abi","19986.89","17616.92","244","8796.92","12897.33","23467.22","30502","74794","17755.47","22218.31","1800","218082","16539.5","19174.5"
"2010","Employed","general elemantary","17284","15929.83","1115","9521.43","12242.38","20484.67","25369","50842.4","16787.49","17780.51","540","105822.34","13718","14654.2861328125"
"2010","Employed","higher education","31656.68","27843.91","4062","14944.8","20593.2","36713.34","49483.33","105541","30998.52","32314.84","581","664511","26943.84765625","27944.4453125"
"2010","Employed","higher vocational","25181.18","23813.1","1170","13756","18231.67","29520","37296.5","58407","24497.06","25865.3","5528.1","191979.33","21186.111328125","22381.90625"
"2010","Employed","in school","19740.25","19211.08","76","11007.14","14145.33","22402","28710","45162.8","17866.34","21614.16","8589.44","45162.8","16985.19921875","21729"
"2010","Employed","inadequately","15570.66","13213.17","130","7994.67","10666.25","18009.33","28575.33","34208","14581.23","16560.09","3508.67","34208","11099.2861328125","13179.5244140625"
"2010","Employed","middle vocational","21138.11","19552.21","7578","11269.64","14889","25082","31711.33","56910","20883.72","21392.5","1661","209221","17653.888671875","18095"
"2010","Employed","vocational + Abi","24659.71","22618.33","1289","12756.92","16886.79","29730","36344","70355.34","23994.48","25324.94","2400","127866","19538.6953125","20775"
"2010","Not Employed","general elemantary","13721.37","12711.32","1421","7213","9258","16248.67","21108.67","32790.71","13364.7","14078.04","917","66743.81","11796.19140625","12480.857421875"
"2010","Not Employed","higher education","24151.85","20839.06","1324","11164.67","15060.67","29365","38380","80744","23192.2","25111.5","0","280380.66","21136.666015625","22798.666015625"
"2010","Not Employed","higher vocational","17744.18","16000.94","449","8485.33","12734","21108.67","29120","44855.5","16915.79","18572.57","3396.92","92229","16166","17360"
"2010","Not Employed","in school","18849.44","16631.67","633","9229.33","12061.25","23211.2","30717.5","61229.6","17955.85","19743.03","1986.5","105822.34","14999.9990234375","16570.384765625"
"2010","Not Employed","inadequately","11108.72","9861.03","216","6368.67","7866.67","12972","17182","26698","10430.1","11787.34","0","38826.25","8547.826171875","9818.181640625"
"2010","Not Employed","middle vocational","16671.91","14977.95","4223","8467","11180","20176","25812","50019","16380.87","16962.95","0","127866","14342.6669921875","14848.333984375"
"2010","Not Employed","vocational + Abi","20313.06","18382.82","426","7970.95","12213.57","25504.67","33217.33","84321.12","19159.64","21466.48","2057","91640","14243.3330078125","16612.380859375"
"2011","Employed","general elemantary","18438.08","16487.2","1351","9944","12715","21078","27202","57314","17908.08","18968.08","657.33","139130","15056.6669921875","15800"
"2011","Employed","higher education","32119.5","28163.64","4644","15058.33","21435.71","37411.33","50396","100674.66","31507.53","32731.47","1923.85","483833.34","27220.76953125","27996"
"2011","Employed","higher vocational","25887.99","24158.5","1342","14287","18236.67","30029.5","38266.67","73814","25226.97","26549.01","3017.5","183608.67","21671.111328125","22807.22265625"
"2011","Employed","in school","22103.09","21444.68","94","13177.1","16916.5","26942.33","31549.67","53436.5","20304.41","23901.77","5530.42","53436.5","16954.400390625","22053.5"
"2011","Employed","inadequately","16051.34","14879.22","168","7895","9741.5","19756.67","26928.67","39699","14844.88","17257.8","4621.5","66497.5","11625","13899.5244140625"
"2011","Employed","middle vocational","21584.99","19761.87","8824","11262.07","15056.67","25329.33","32673","59908","21337.55","21832.43","480","483833.34","18105.556640625","18560"
"2011","Employed","vocational + Abi","24394.39","21532.49","1537","12857.2","16932.5","28972","39348.67","75733","23805.17","24983.61","892","112671.34","19662.77734375","20704.287109375"
"2011","Not Employed","general elemantary","14315.19","13199.95","1723","7530","9741.5","17137","22176","38445.33","13920.73","14709.65","96","170381.33","12548.6669921875","13120"
"2011","Not Employed","higher education","24507.51","20999.11","1581","10935","15068.67","30015.5","40486","82437.34","23593.31","25421.71","10","317092","21370","22722.22265625"
"2011","Not Employed","higher vocational","18628.31","16962.01","519","9425","12608.67","22614.35","29211.33","66293.34","17822.73","19433.89","3101.54","77306","17001.333984375","18167.333984375"
"2011","Not Employed","in school","20280.37","18133.01","800","9768.44","12561.33","24054.8","32006","61870.4","19434.17","21126.57","0","117150","16357.3330078125","17988.181640625"
"2011","Not Employed","inadequately","12574.4","11858.36","243","6660","8605.67","15045","18369.64","31484","11889.81","13258.99","1260.56","38659.29","10323.125","11341.3330078125"
"2011","Not Employed","middle vocational","17269.45","15258","5138","8738","11606.67","20768.67","27184.67","51657.33","16977.81","17561.09","0","183608.67","14938","15349"
"2011","Not Employed","vocational + Abi","19573.03","17262.93","473","7683.46","12099.44","23639.2","31956","66293.34","18300.64","20845.42","1104","161711.2","15128.572265625","17222"
"2012","Employed","general elemantary","18136.71","16224.46","1368","10102.67","13210","21582.67","25996.67","53222","17674.4","18599.02","2390","132739.2","15059","15631.9052734375"
"2012","Employed","higher education","33812.48","28971.95","4589","15236.52","21404.45","38386.67","52391","106459.34","32865.85","34759.11","1369","999041.31","27741","28608.5"
"2012","Employed","higher vocational","26791.28","24515.25","1289","14517.33","18606","31303.33","40342","73433.34","26058.49","27524.07","938","204246.67","22162.916015625","23324"
"2012","Employed","in school","22704.97","21381.54","98","13088.26","16993.21","27840","34287.86","52195.71","20653.3","24756.64","5012","64902.67","17498.9296875","22553.599609375"
"2012","Employed","inadequately","15611.98","13455.31","173","8176","10106.3","18778.57","25034.78","48268","14403.11","16820.85","3313.33","77743.08","11371.923828125","13206.6669921875"
"2012","Employed","middle vocational","21633.74","19855.31","8611","11511.3","15044","25831.67","32449","58862.67","21396.07","21871.41","240","241969.67","18142","18540"
"2012","Employed","vocational + Abi","24706.52","21829.04","1549","12871.67","17171.91","29132.22","39530","82588","24119.61","25293.43","4250","156986.41","20013.333984375","21165"
"2012","Not Employed","general elemantary","14401.04","13409.51","1634","7738.67","9840","16771.33","22227.33","35120.67","14040.41","14761.67","69.33","107675.2","12760.6669921875","13236.6669921875"
"2012","Not Employed","higher education","24671.61","21208.02","1573","11148","15304","30134","41096.67","77203","23790.17","25553.05","0","241969.67","21274.666015625","22509.333984375"
"2012","Not Employed","higher vocational","18412.67","16332.92","526","9851","13045.2","21458.67","28419.33","53598.67","17600.04","19225.3","301","95703","16697.333984375","17808"
"2012","Not Employed","in school","21046.34","17520.53","813","9813","13327.5","24188.8","31084.5","97004","19910.66","22182.02","69.33","241969.67","15871.599609375","17069.56640625"
"2012","Not Employed","inadequately","12051.45","10723.64","215","6521.43","8169.5","14803.33","19093","34230","11371.37","12731.53","1456","37887.86","9425","10942"
"2012","Not Employed","middle vocational","17255.41","15574","4993","9012","11895.33","20566.67","26854.67","49774","16974.98","17535.84","0","241969.67","15167","15622"
"2012","Not Employed","vocational + Abi","20123.1","17513.41","422","8022","12020","24230.95","33572","75513.5","18892.62","21353.58","0","105428","15508","17434.58203125"
"2013","Employed","general elemantary","18413.42","16694.03","1259","9961.33","13452.78","21328","27957.2","47181.5","17905.11","18921.73","3150","154216.78","15358.6669921875","16120"
"2013","Employed","higher education","34604.7","29883.1","4392","16040","22521.54","39984","53979","104373.66","33791.89","35417.51","2353","737262","28387.498046875","29410.333984375"
"2013","Employed","higher vocational","27244.8","25227.91","1209","15567","19536","31852.67","40730","65612.66","26594.3","27895.3","5966.45","126158","22468.5","23919.525390625"
"2013","Employed","in school","24483.28","21110.66","103","13352.67","14734.67","27668.8","37268","86716","21692.02","27274.54","7097","95299.2","18418.5","22008"
"2013","Employed","inadequately","16436.78","13349.09","150","7338","10082","20175.33","26542.67","52774","15403.17","17470.39","4006.15","52774","12065","13397.2724609375"
"2013","Employed","middle vocational","22587.89","20491.64","8073","12270.67","15708.5","26855.33","34198","58880.67","22332.6","22843.18","900","350802","18794","19154.80078125"
"2013","Employed","vocational + Abi","26334.42","23037.09","1437","12923.6","17761.15","30775.24","41303.33","86716","25690.6","26978.24","493","119910.41","20163.548828125","21428.666015625"
"2013","Not Employed","general elemantary","14871.95","13723.73","2566","8013","10234.67","17705","23233","41016.5","14592.89","15151.01","0","140354","12891.599609375","13433.9130859375"
"2013","Not Employed","higher education","25512.34","22274.21","2487","11459","16101","31253.33","42765.33","74174.66","24832.29","26192.39","341","226003.33","21125","22334.666015625"
"2013","Not Employed","higher vocational","18997.55","17221.42","526","10086","13135.33","22421.5","29260","49513.33","18186.02","19809.08","2665","85355.16","17778","19012"
"2013","Not Employed","in school","20939.78","17877.14","973","9599.29","13023.6","24000","31989","77183","20092.55","21787.01","1800","225682.33","15161.5","16114.400390625"
"2013","Not Employed","inadequately","11894.23","10230.69","485","6600","8328","14687.33","19402.92","29932","11425.34","12363.12","2415","43682","10230.400390625","11202.68359375"
"2013","Not Employed","middle vocational","17586.79","16118.37","6157","9091.33","12175","21011.33","27198.29","49513.33","17355.2","17818.38","0","225682.33","15548.0771484375","15968.333984375"
"2013","Not Employed","vocational + Abi","19412.41","17423.94","937","8568","12358","22651.91","32311.91","72731.34","18634.33","20190.49","0","166556.67","15988.095703125","17180.953125"
"2014","Employed","general elemantary","18475.83","16820.22","1609","9679.38","12802","21988","26722","49279.33","18032.8","18918.86","1566.67","196244","15266.857421875","15957.826171875"
"2014","Employed","higher education","34318.8","29893.64","4663","15233.81","21344","39470.67","54232","101863.34","33514.84","35122.76","1927","863947.31","27956.19140625","28872"
"2014","Employed","higher vocational","28413.7","25810.41","1141","15336","20719","33413.33","43605.33","84364.66","27668.66","29158.74","5583.33","156986.11","23362.666015625","24890"
"2014","Employed","in school","22150.99","20804.14","82","11165.33","13441.3","29354.4","36551.5","53681","19912.16","24389.82","5449.6","55975.5","15316","20445.333984375"
"2014","Employed","inadequately","16098.11","12797.89","224","8440","10325.58","18549.58","25993.6","60230.67","15241.62","16954.6","4008","60230.67","11964.5","13015.3330078125"
"2014","Employed","middle vocational","22692.59","20632.94","8083","11930","15582.8","26989.33","34022","65000","22430.16","22955.02","507","347168","18964.763671875","19462.173828125"
"2014","Employed","vocational + Abi","25346.5","23037.21","1651","13211.67","17558.08","29580","38187","73851.34","24685.07","26007.93","2426","215030","20535.171875","21519.525390625"
"2014","Not Employed","general elemantary","14931.87","13872","1635","8122.67","10179","17980.91","22479.5","39416.67","14555.98","15307.76","1333.33","140194.67","12938","13636.6669921875"
"2014","Not Employed","higher education","26173.63","22554","1579","10922","16255.5","31807","44146","71851.2","25111.66","27235.6","0","431294.66","21583","22963.599609375"
"2014","Not Employed","higher vocational","20132.91","18316.88","459","10504","14084.67","23872","30414","48312.91","19033.93","21231.89","2092","151985.33","18049.333984375","19542.666015625"
"2014","Not Employed","in school","21812.81","17744.22","803","9569.7","13461.15","25612","36623","80237.5","20683.47","22942.15","1972","362987","15663.599609375","16788.5"
"2014","Not Employed","inadequately","11738.59","11028.82","282","6260.87","8214","14209.33","17592","31285.5","11182.62","12294.56","1333.33","37177.14","10386.400390625","11627.5"
"2014","Not Employed","middle vocational","17765.25","16232.42","4537","9249","12332","21278","27260.67","48428","17491.2","18039.3","0","202759.33","15910","16319.3330078125"
"2014","Not Employed","vocational + Abi","20665.28","18332.97","407","8433.33","12302","23904.67","35205.33","69688","19169.22","22161.34","20","149184.58","15216.19140625","17127.333984375"
"2015","Employed","general elemantary","18002.27","16684","1367","9540","12562.78","21804.5","28183.81","41234","17580.87","18423.67","1316.92","92001.3","15533.5","16294.6669921875"
"2015","Employed","higher education","34462.61","30711.28","4411","15548","22322.67","40258","54093","110051.34","33726.18","35199.04","285","702467","28626.087890625","29632.08203125"
"2015","Employed","higher vocational","29508.54","25829.18","1098","16652","20750","33750","45180.67","85120","28718.77","30298.31","1600","181056.5","24191.5","25400.435546875"
"2015","Employed","in school","23351.46","22568.05","75","12230.67","15745","30827.2","35307.5","54812","21182.41","25520.51","4800","54812","16403.5","22628.666015625"
"2015","Employed","inadequately","15736.74","13587.43","174","6135","10256.74","19227.62","28612.67","50921.07","14691.11","16782.37","4500","50921.07","12322.6669921875","14657.3330078125"
"2015","Employed","middle vocational","23025.69","21072.75","7565","12404.5","16247.33","27594","35668","57127.33","22790.34","23261.04","458","164206","19616.19140625","20058"
"2015","Employed","vocational + Abi","25357.08","23202.42","1615","13746.8","17763","30412.33","38282","57598.1","24715.75","25998.41","2255.33","211597.33","20661.3046875","21702.666015625"
"2015","Not Employed","general elemantary","15527.06","13872.33","1756","7883","10245","18419","23050.67","40754","15161.98","15892.14","0","181056.5","12801.6669921875","13475.23828125"
"2015","Not Employed","higher education","25895.25","22571.15","2046","11454.67","16804","32758.67","43927","65672","25222.04","26568.46","104","295580.66","21533.333984375","22542.666015625"
"2015","Not Employed","higher vocational","19568.96","17958.15","443","9481","13684","23630","32735.33","47892.67","18708.91","20429.01","14","66075.34","17900","19517.333984375"
"2015","Not Employed","in school","19512.3","17641.69","703","9037.71","13050","24302","32097.6","51279.5","18773.02","20251.58","0","83389","15911.599609375","17564"
"2015","Not Employed","inadequately","12281.76","11260.39","364","5895","8983.08","14882.67","19649","30158","11765.46","12798.06","0","31602.5","10200","11150"
"2015","Not Employed","middle vocational","18072.31","16465.33","4684","9251.6","12462","21643","28497.33","50362.67","17787.5","18357.12","0","142028.67","15899.3330078125","16324"
"2015","Not Employed","vocational + Abi","20215.15","18641.41","555","8323.04","12339.15","24685","33045.71","66075.34","19168.99","21261.31","1365","115331.66","14593.333984375","16207.826171875"
"2016","Employed","general elemantary","19078.2","18024.52","1334","9613.33","13123.33","22992","29676","53257","18620.5","19535.9","1200","85539","15814.9990234375","16589.333984375"
"2016","Employed","higher education","35281.59","30326.11","4408","14897.33","22422.5","40561.33","55064","111622","34388.06","36175.12","839","1061920","28781.333984375","29785.556640625"
"2016","Employed","higher vocational","29419.22","27409.44","1002","16520","20901.33","34511.33","43605.33","75880","28588.11","30250.33","3400","183993","24784.666015625","26374.287109375"
"2016","Employed","in school","25542.48","21057.63","71","11607","14488.67","37395.5","43795","61620.36","23186.27","27898.69","8408","61620.36","15940.9677734375","21481.4296875"
"2016","Employed","inadequately","17507.97","14277.25","185","8177","11806.19","19952.67","31269.33","53494.67","16469.52","18546.42","3727","53494.67","12881.111328125","14747.7138671875"
"2016","Employed","middle vocational","23659.88","21645.99","7167","12442","16612.67","28170.67","35397.5","65440","23376.61","23943.15","1227","258900.67","20063","20574"
"2016","Employed","vocational + Abi","25666.4","23438.4","1650","14027","18232","30028","39735.33","70290","24981.63","26351.17","1278.67","174690","21073.333984375","22067.14453125"
"2016","Not Employed","general elemantary","15573.2","14521.81","1412","8162","10836.92","18608.67","23714","39509.33","15179.39","15967.01","0","117959.45","13275","14055.3330078125"
"2016","Not Employed","higher education","26824.61","23685.33","1524","11687.33","16918.67","32564","44445.33","79596.66","25920.29","27728.93","0","228543.59","22713.333984375","24390"
"2016","Not Employed","higher vocational","20094.2","18500.24","412","10640","14319","24250","31864","48232","19133.45","21054.95","3016","85809.34","17990","20235.333984375"
"2016","Not Employed","in school","20883.16","19514.83","649","9884","13884","24715","32062","59395.33","19901.59","21864.73","633.33","164679.33","17129.333984375","19010"
"2016","Not Employed","inadequately","12785.51","11864.18","233","6766.13","8338","16005.71","19486.4","30096.5","12074.37","13496.65","0","36450","10335.5166015625","11798.2607421875"
"2016","Not Employed","middle vocational","18537.46","16881.73","3922","9120","12281","22691","29158.67","52746.67","18212.02","18862.9","0","228543.59","16428.666015625","16968"
"2016","Not Employed","vocational + Abi","21561.78","19332.09","383","8224","12855.42","25657.33","37903.33","79596.66","20076.01","23047.55","0","134262.61","15517.6201171875","17777.333984375"
"2017","Employed","general elemantary","19652.53","17883.74","1499","10338.46","13343","23918.33","29460","52603","19066.36","20238.7","1820","302321.5","16371","17119.5"
"2017","Employed","higher education","36093.09","30953.06","5013","16200","22982","41700","55798","121863","35287.13","36899.05","924","694486","29554.400390625","30418"
"2017","Employed","higher vocational","30515.45","28120.49","1122","17314","22416.19","35642.67","46505.2","71454","29650.56","31380.34","5400","199174.67","26443","27874.4453125"
"2017","Employed","in school","20757.18","18996.15","83","11982.67","14040.24","25106.8","31019","49118.57","18893.44","22620.92","5366","49118.57","16670","22568.572265625"
"2017","Employed","inadequately","17409.51","15193.4","252","8431","11140.83","19371.33","25646","71104.35","16403.74","18415.28","180","71104.35","12434.5830078125","14518.6669921875"
"2017","Employed","middle vocational","24326.52","22189.26","8109","12597.5","16624.76","29000","37141.33","64686.11","24055.71","24597.33","575","294710.66","20905.384765625","21314.666015625"
"2017","Employed","vocational + Abi","25993.25","23387.82","1841","13772","17961.33","30473","39026.5","69995.34","25299.89","26686.61","2226","292737.78","22025.556640625","23059.232421875"
"2017","Not Employed","general elemantary","15825.55","14488.95","1821","8151.5","10716","19298.4","24266","46566.67","15454.21","16196.89","0","112388.58","12160","12913.3330078125"
"2017","Not Employed","higher education","27154.23","24101.87","1946","10689","17394","33150","45445","76752.66","26188.5","28119.96","0","403821.34","20571.333984375","22181"
"2017","Not Employed","higher vocational","22717.38","19404.67","424","11781","15228","25407.33","35132.67","129898","21562.72","23872.04","1800","129898","18981.25","20786"
"2017","Not Employed","in school","21936.24","20264.1","721","9537","14744.23","26777","34418.5","60325.5","21003.05","22869.43","1046.92","140543.89","17730.400390625","19241.3046875"
"2017","Not Employed","inadequately","11509.1","10127.44","992","4920","7766.92","15197.33","18941","32452.5","11184.42","11833.78","0","38809.33","7579.0625","8431"
"2017","Not Employed","middle vocational","19391.72","17794.67","4412","9513.85","13345","23471","30358.67","50044","19092.73","19690.71","0","146772.67","16666.666015625","17209"
"2017","Not Employed","vocational + Abi","20547.92","17598.44","442","7916","12334.76","26590","36005.55","67249","19258.39","21837.45","0","138109","14190.6669921875","16272"
"2018","Employed","general elemantary","19424.27","18313.72","1536","10021","13951","23990.4","30062.4","44842.67","18920.32","19928.22","960","237908.58","16170.6669921875","16964.4453125"
"2018","Employed","higher education","37081.87","31454.35","4891","16705","23628","42365.33","58420","118338.66","36238.49","37925.25","298","755578","29615","30692.666015625"
"2018","Employed","higher vocational","30288.3","27267.61","1051","17817.22","22404","36376.5","44167.33","68923.34","29509.84","31066.76","1600","119976","26339.5","27864"
"2018","Employed","in school","21776.4","19309.71","67","13626","14126.67","25112","32675","48449","19392.33","24160.47","5067.6","62406.07","19066.80078125","23449"
"2018","Employed","inadequately","17964.06","16165.17","358","9429","11315.12","19530.87","29146.84","91338.7","17168.76","18759.36","1030","91338.7","11440","12829"
"2018","Employed","middle vocational","24883.84","22905.41","7739","13185.33","17504","29583.33","38103.33","64998","24575.5","25192.18","318.46","513082.66","21227","21749.58203125"
"2018","Employed","vocational + Abi","26574.27","24091.49","1750","13961","18629.33","31340.87","40846","74302","25877.27","27271.27","4060","303295.56","22056.111328125","23230"
"2018","Not Employed","general elemantary","16261.32","15424.27","1975","8447.22","11014.67","19358","24179","43246.5","15886.58","16636.06","0","132055.72","11937.3330078125","12822.857421875"
"2018","Not Employed","higher education","27001.8","23949.58","2069","10700","16892.67","33728","44270.67","78078","26131.15","27872.45","0","402495.34","19730","21162"
"2018","Not Employed","higher vocational","22015.97","20029.99","404","11808","15606.67","25512","35230.67","50576","20991.93","23040.01","636","108224.66","18851","20590"
"2018","Not Employed","in school","22356.86","20926.18","624","9472","14390.29","27709.6","36480.91","57616.07","21239.7","23474.02","0","209113","18132.609375","19633.599609375"
"2018","Not Employed","inadequately","11925.2","11059.9","1494","4800","7860","15368.48","21125","31420.5","11645.26","12205.14","0","43570.67","7861.0341796875","8290"
"2018","Not Employed","middle vocational","19538.66","18212.06","4404","9736","13567.62","23737","30363.33","48496.67","19216.84","19860.48","0","237908.58","16735.333984375","17274"
"2018","Not Employed","vocational + Abi","21867.59","19600.84","446","8898","13320","25538.57","35225.33","72676.5","20506.51","23228.67","0","134488","15386.2490234375","17580.4765625"
"2019","Employed","general elemantary","20600.37","19051.19","1475","10813","14445.56","25508","31529.33","50081","19884.8","21315.94","912","219989.33","17036","18136.5390625"
"2019","Employed","higher education","38263.61","32571.39","5588","17202","24352.22","44106","60402","128169.34","36593.95","39933.27","928","3103392","33212.66796875","34421"
"2019","Employed","higher vocational","32049.57","29148.17","1239","18308","22854","37438.8","47676.67","86664","30004.05","34095.09","6703.33","446964","29722","31444.666015625"
"2019","Employed","in school","24344.1","21437.87","68","14890.8","16958.67","27218.67","44915.5","48267.6","22009.85","26678.35","8729.6","48267.6","19337.392578125","24417"
"2019","Employed","inadequately","17470.53","14629.78","430","9262.9","11432","19984.67","28423","74164.35","16783.04","18158.02","1860","74164.35","11241.3330078125","12385"
"2019","Employed","middle vocational","26085.18","24076.67","7455","13898.46","18391.43","30820","39295.33","70963.34","25351.56","26818.8","971.33","1823118.62","23002.857421875","23596.154296875"
"2019","Employed","vocational + Abi","27191.11","24531.32","1822","14593.21","18834","31752.22","42941.33","71449.34","25692.09","28690.13","3508","763082","24284","25456.111328125"
"2019","Not Employed","general elemantary","16717.37","15676.59","1718","8872.8","11479","20225.6","25528","38766","16307.93","17126.81","0","123565.34","12524.2861328125","13262.30859375"
"2019","Not Employed","higher education","29399.39","25562.86","1999","11136","18379","35868","47598.67","80782","28079.45","30719.33","0","754144","22545","23919.333984375"
"2019","Not Employed","higher vocational","25077.79","20856.46","433","13112","15765.33","28444","41212","79938","21390.44","28765.14","1963.85","757993","20794.666015625","23042"
"2019","Not Employed","in school","23920.33","20774.64","537","11632","15582.5","29968","37924","69846.8","22693.73","25146.93","2962.4","138759","19358.619140625","21282.5"
"2019","Not Employed","inadequately","12580.86","10898.09","1280","4840.46","7428.57","15213.33","23795.33","37892.5","12311.59","12850.13","0","65349.33","8307.6923828125","9007"
"2019","Not Employed","middle vocational","20633.35","18679.67","4233","10163","14175","25148.67","31529.33","56692.67","20065.01","21201.69","0","594330.81","17621","18226"
"2019","Not Employed","vocational + Abi","22871.6","20187.7","430","9475","14651","27609","36015.33","71670.66","20508.66","25234.54","0","337784","16610","18721"
