"plj0047","year","e11102","sex","n","percent","lower_confidence","upper_confidence"
"Big worries","1992","Employed","Female","225","0.46262692314186","0.422664583856456","0.502589262427264"
"Big worries","1992","Employed","Male","359","0.377602177889157","0.347342736180957","0.407861619597357"
"Big worries","1992","Not Employed","Female","179","0.413329801889955","0.367730892283412","0.458928711496498"
"Big worries","1992","Not Employed","Male","102","0.533498846316931","0.46802184782459","0.598975844809272"
"No worries","1992","Employed","Female","114","0.15677625868595","0.127634949413793","0.185917567958107"
"No worries","1992","Employed","Male","193","0.209029165074035","0.183649066085678","0.234409264062392"
"No worries","1992","Not Employed","Female","74","0.174059828500189","0.138949680962899","0.209169976037478"
"No worries","1992","Not Employed","Male","37","0.14730438543615","0.100788583518165","0.193820187354135"
"Some worries","1992","Employed","Female","259","0.38059681817219","0.341681839961119","0.419511796383261"
"Some worries","1992","Employed","Male","434","0.413368657036808","0.382631688183348","0.444105625890268"
"Some worries","1992","Not Employed","Female","195","0.412610369609856","0.367023235473737","0.458197503745975"
"Some worries","1992","Not Employed","Male","84","0.319196768246919","0.258013072496273","0.380380463997564"
"Big worries","1993","Employed","Female","269","0.540876100511476","0.499966568695966","0.581785632326986"
"Big worries","1993","Employed","Male","419","0.455506440633732","0.423887648517799","0.487125232749666"
"Big worries","1993","Not Employed","Female","230","0.54153364440668","0.495393862097912","0.587673426715449"
"Big worries","1993","Not Employed","Male","120","0.503130647896521","0.438792939239868","0.567468356553173"
"No worries","1993","Employed","Female","67","0.106486155563068","0.0811635797376308","0.131808731388506"
"No worries","1993","Employed","Male","115","0.115234582097551","0.0949620906450643","0.135507073550037"
"No worries","1993","Not Employed","Female","53","0.123221157308063","0.0927845138819803","0.153657800734147"
"No worries","1993","Not Employed","Male","19","","",""
"Some worries","1993","Employed","Female","234","0.352637743925455","0.313414026847211","0.391861461003699"
"Some worries","1993","Employed","Male","419","0.429258977268717","0.397833572624228","0.460684381913207"
"Some worries","1993","Not Employed","Female","165","0.335245198285256","0.29153114184795","0.378959254722562"
"Some worries","1993","Not Employed","Male","93","0.4288664294263","0.365181896385171","0.492550962467428"
"Big worries","1994","Employed","Female","251","0.52303652267683","0.48114170158981","0.56493134376385"
"Big worries","1994","Employed","Male","375","0.450008554540349","0.417176190798457","0.482840918282242"
"Big worries","1994","Not Employed","Female","236","0.521447944034927","0.475395896258968","0.567499991810887"
"Big worries","1994","Not Employed","Male","104","0.451671262994835","0.388445897869551","0.514896628120119"
"No worries","1994","Employed","Female","66","0.120412404962945","0.0931146498862183","0.147710160039671"
"No worries","1994","Employed","Male","104","0.0962927598640566","0.0768246182620178","0.115760901466095"
"No worries","1994","Not Employed","Female","45","0.100148138920733","0.072473253928762","0.127823023912704"
"No worries","1994","Not Employed","Male","30","0.0970463907753164","0.0594382359768533","0.134654545573779"
"Some worries","1994","Employed","Female","229","0.356551072360225","0.316374795897513","0.396727348822937"
"Some worries","1994","Employed","Male","403","0.453698685595594","0.420842761864781","0.486554609326407"
"Some worries","1994","Not Employed","Female","171","0.37840391704434","0.333693283911444","0.423114550177236"
"Some worries","1994","Not Employed","Male","104","0.451282346229848","0.3880617989236","0.514502893536096"
"Big worries","1995","Employed","Female","189","0.43370581056356","0.38982559786222","0.4775860232649"
"Big worries","1995","Employed","Male","297","0.424947743292717","0.390454740061819","0.459440746523615"
"Big worries","1995","Not Employed","Female","208","0.5141283738502","0.467795324394147","0.560461423306253"
"Big worries","1995","Not Employed","Male","106","0.471288484572308","0.408003316258957","0.534573652885659"
"No worries","1995","Employed","Female","68","0.119049465756798","0.0903753827544657","0.147723548759131"
"No worries","1995","Employed","Male","118","0.156064584603781","0.13074151341361","0.181387655793952"
"No worries","1995","Not Employed","Female","53","0.11659323557758","0.0868415642977313","0.146344906857429"
"No worries","1995","Not Employed","Male","26","","",""
"Some worries","1995","Employed","Female","233","0.447244723679642","0.403220762962224","0.491268684397059"
"Some worries","1995","Employed","Male","374","0.418987672103502","0.384560378324763","0.45341496588224"
"Some worries","1995","Not Employed","Female","186","0.36927839057222","0.324538992987414","0.414017788157026"
"Some worries","1995","Not Employed","Male","107","0.431935675503672","0.369135994705202","0.494735356302142"
"Big worries","1996","Employed","Female","1075","0.290572151269326","0.275904982372065","0.305239320166587"
"Big worries","1996","Employed","Male","1312","0.267933812992543","0.255253327393524","0.280614298591563"
"Big worries","1996","Not Employed","Female","968","0.327591125653987","0.310852206878322","0.344330044429653"
"Big worries","1996","Not Employed","Male","508","0.324776824690273","0.301486338806443","0.348067310574102"
"No worries","1996","Employed","Female","496","0.134373733959342","0.123356119068698","0.145391348849985"
"No worries","1996","Employed","Male","895","0.194094431327762","0.182770543336555","0.20541831931897"
"No worries","1996","Not Employed","Female","526","0.183573384591315","0.169766107065304","0.197380662117325"
"No worries","1996","Not Employed","Male","283","0.176731893916438","0.157760882981475","0.1957029048514"
"Some worries","1996","Employed","Female","2110","0.575054114771332","0.559084797324099","0.591023432218564"
"Some worries","1996","Employed","Male","2479","0.537971755679694","0.523697254227658","0.552246257131731"
"Some worries","1996","Not Employed","Female","1526","0.488835489754698","0.47100733765898","0.506663641850416"
"Some worries","1996","Not Employed","Male","762","0.49849128139329","0.473623880809428","0.523358681977151"
"Big worries","1997","Employed","Female","1093","0.314008089441881","0.298753619190749","0.329262559693013"
"Big worries","1997","Employed","Male","1319","0.289968490696541","0.276776954840916","0.303160026552166"
"Big worries","1997","Not Employed","Female","977","0.314709962923705","0.298228694742191","0.331191231105219"
"Big worries","1997","Not Employed","Male","514","0.328329128949608","0.305552577817608","0.351105680081608"
"No worries","1997","Employed","Female","505","0.142600607672961","0.131107975988703","0.154093239357219"
"No worries","1997","Employed","Male","939","0.208388429560894","0.196580492901843","0.220196366219945"
"No worries","1997","Not Employed","Female","533","0.186399662160369","0.172579081437452","0.200220242883287"
"No worries","1997","Not Employed","Male","320","0.19266095972709","0.173532507292285","0.211789412161895"
"Some worries","1997","Employed","Female","1958","0.543391302885158","0.527019532458904","0.559763073311412"
"Some worries","1997","Employed","Male","2287","0.501643079742564","0.487106949464385","0.516179210020743"
"Some worries","1997","Not Employed","Female","1540","0.498890374915926","0.481145738457207","0.516635011374644"
"Some worries","1997","Not Employed","Male","799","0.479009911323302","0.454780549292445","0.50323927335416"
"Big worries","1998","Employed","Female","1162","0.308475036201935","0.293891510554631","0.323058561849238"
"Big worries","1998","Employed","Male","1419","0.294121659873503","0.281379374008775","0.306863945738231"
"Big worries","1998","Not Employed","Female","1060","0.309888813818426","0.294380961971868","0.325396665664983"
"Big worries","1998","Not Employed","Male","630","0.342002472997956","0.3206665044462","0.363338441549713"
"No worries","1998","Employed","Female","601","0.160619110250918","0.149025285454788","0.172212935047047"
"No worries","1998","Employed","Male","1070","0.211188357011171","0.199774286428447","0.222602427593894"
"No worries","1998","Not Employed","Female","604","0.173897598015141","0.161187383097602","0.186607812932679"
"No worries","1998","Not Employed","Male","373","0.191991569523119","0.174276835575745","0.209706303470493"
"Some worries","1998","Employed","Female","2090","0.530905853547148","0.515148352298505","0.546663354795791"
"Some worries","1998","Employed","Male","2423","0.494689983115327","0.480708140027177","0.508671826203476"
"Some worries","1998","Not Employed","Female","1752","0.516213588166433","0.499455259285531","0.532971917047336"
"Some worries","1998","Not Employed","Male","896","0.466005957478925","0.443569744756847","0.488442170201003"
"Big worries","1999","Employed","Female","1311","0.356808150661311","0.341755772345655","0.371860528976967"
"Big worries","1999","Employed","Male","1370","0.296345143515832","0.283525259958027","0.309165027073637"
"Big worries","1999","Not Employed","Female","934","0.282851795921432","0.267227495620617","0.298476096222246"
"Big worries","1999","Not Employed","Male","469","0.254562176094291","0.234123487561995","0.275000864626588"
"No worries","1999","Employed","Female","406","0.102318220312185","0.0927956284785849","0.111840812145785"
"No worries","1999","Employed","Male","800","0.165489209082705","0.155056282596959","0.175922135568451"
"No worries","1999","Not Employed","Female","512","0.169672798228711","0.156651706639812","0.182693889817609"
"No worries","1999","Not Employed","Male","342","0.204283839185558","0.185367091542506","0.22320058682861"
"Some worries","1999","Employed","Female","2174","0.540873629026504","0.525215801735455","0.556531456317553"
"Some worries","1999","Employed","Male","2704","0.538165647401463","0.52416956690546","0.552161727897466"
"Some worries","1999","Not Employed","Female","1746","0.547475405849857","0.530208280150103","0.564742531549612"
"Some worries","1999","Not Employed","Male","934","0.541153984720151","0.517773996501571","0.564533972938731"
"Big worries","2000","Employed","Female","2466","0.371762604363272","0.360254064195359","0.383271144531186"
"Big worries","2000","Employed","Male","2460","0.31712803248381","0.307105731595093","0.327150333372527"
"Big worries","2000","Not Employed","Female","1732","0.2965785719059","0.28471078773419","0.30844635607761"
"Big worries","2000","Not Employed","Male","889","0.260964087815167","0.245868057789676","0.276060117840658"
"No worries","2000","Employed","Female","877","0.133616662818142","0.125514315595389","0.141719010040895"
"No worries","2000","Employed","Male","1491","0.177367405856253","0.169140806608197","0.185594005104308"
"No worries","2000","Not Employed","Female","1066","0.198224375325134","0.187865874351681","0.208582876298587"
"No worries","2000","Not Employed","Male","750","0.239072746002308","0.2244113200625","0.253734171942117"
"Some worries","2000","Employed","Female","3431","0.494620732818586","0.482714609847298","0.506526855789874"
"Some worries","2000","Employed","Male","4331","0.505504561659937","0.494736831532407","0.516272291787467"
"Some worries","2000","Not Employed","Female","2892","0.505197052768966","0.492206174870098","0.518187930667834"
"Some worries","2000","Not Employed","Male","1612","0.499963166182525","0.482775788935746","0.517150543429304"
"Big worries","2001","Employed","Female","2617","0.406412886559143","0.394318029266796","0.418507743851489"
"Big worries","2001","Employed","Male","2542","0.34099802679302","0.330240858385173","0.351755195200867"
"Big worries","2001","Not Employed","Female","1729","0.334187765511709","0.321124741233368","0.347250789790049"
"Big worries","2001","Not Employed","Male","963","0.306953100170519","0.290478683806963","0.323427516534074"
"No worries","2001","Employed","Female","682","0.113749584507152","0.10593100392096","0.121568165093344"
"No worries","2001","Employed","Male","1193","0.162519184088652","0.154147392125634","0.17089097605167"
"No worries","2001","Not Employed","Female","885","0.185482633210747","0.174718616189675","0.196246650231819"
"No worries","2001","Not Employed","Male","640","0.221664522892415","0.206828270200059","0.23650077558477"
"Some worries","2001","Employed","Female","3036","0.479837528933705","0.46753508498527","0.492139972882141"
"Some worries","2001","Employed","Male","3725","0.496482789118328","0.485136915641397","0.50782866259526"
"Some worries","2001","Not Employed","Female","2395","0.480329601277544","0.466493738670079","0.494165463885009"
"Some worries","2001","Not Employed","Male","1408","0.471382376937066","0.453552423745471","0.489212330128662"
"Big worries","2002","Employed","Female","2150","0.311060734105606","0.300073991022808","0.322047477188403"
"Big worries","2002","Employed","Male","2068","0.262901544748815","0.253223094900084","0.272579994597546"
"Big worries","2002","Not Employed","Female","1409","0.280422877981952","0.268033548675308","0.292812207288596"
"Big worries","2002","Not Employed","Male","816","0.267202579399038","0.251771881556783","0.282633277241294"
"No worries","2002","Employed","Female","863","0.130660178684839","0.12266142516385","0.138658932205828"
"No worries","2002","Employed","Male","1484","0.193877323945109","0.185185507189385","0.202569140700832"
"No worries","2002","Not Employed","Female","900","0.184269901381451","0.173576820612776","0.194962982150126"
"No worries","2002","Not Employed","Male","718","0.22509333958397","0.210529385628325","0.239657293539615"
"Some worries","2002","Employed","Female","3807","0.558279087209556","0.546493382272698","0.570064792146413"
"Some worries","2002","Employed","Male","4395","0.543221131306077","0.532269273042553","0.5541729895696"
"Some worries","2002","Not Employed","Female","2741","0.535307220636597","0.52155138699911","0.549063054274084"
"Some worries","2002","Not Employed","Male","1625","0.507704081016992","0.490270294522059","0.525137867511926"
"Big worries","2003","Employed","Female","1633","0.258956328697257","0.24829951306298","0.269613144331533"
"Big worries","2003","Employed","Male","1491","0.204429956456093","0.195286464674775","0.213573448237412"
"Big worries","2003","Not Employed","Female","1194","0.246589062505593","0.234573180612927","0.258604944398258"
"Big worries","2003","Not Employed","Male","674","0.223627051062075","0.209138103204768","0.238115998919382"
"No worries","2003","Employed","Female","1115","0.168069217438408","0.158972599125049","0.177165835751766"
"No worries","2003","Employed","Male","1723","0.228541889558965","0.219021829650087","0.238061949467843"
"No worries","2003","Not Employed","Female","1068","0.221820028310586","0.21023777154595","0.233402285075222"
"No worries","2003","Not Employed","Male","843","0.269514134622877","0.254085191950764","0.284943077294991"
"Some worries","2003","Employed","Female","3743","0.572974453864336","0.560941095668036","0.585007812060635"
"Some worries","2003","Employed","Male","4259","0.567028153984942","0.555794197429799","0.578262110540085"
"Some worries","2003","Not Employed","Female","2681","0.531590909183821","0.517680041617172","0.545501776750471"
"Some worries","2003","Not Employed","Male","1660","0.506858814315048","0.489474057387889","0.524243571242207"
"Big worries","2004","Employed","Female","1684","0.275387584013543","0.264361263582174","0.286413904444911"
"Big worries","2004","Employed","Male","1541","0.220502785664829","0.210868811340385","0.230136759989273"
"Big worries","2004","Not Employed","Female","1116","0.230400230272774","0.218568835168743","0.242231625376804"
"Big worries","2004","Not Employed","Male","676","0.220052340969822","0.20577412952136","0.234330552418284"
"No worries","2004","Employed","Female","1067","0.166147768759012","0.156960268806193","0.175335268711832"
"No worries","2004","Employed","Male","1676","0.242328907322543","0.232371778370029","0.252286036275057"
"No worries","2004","Not Employed","Female","1089","0.231035486481785","0.219192682701598","0.242878290261971"
"No worries","2004","Not Employed","Male","887","0.278746864734104","0.263293361908791","0.294200367559416"
"Some worries","2004","Employed","Female","3554","0.558464647227445","0.546207592373376","0.570721702081513"
"Some worries","2004","Employed","Male","3897","0.537168307012628","0.525581656799439","0.548754957225817"
"Some worries","2004","Not Employed","Female","2661","0.538564283245441","0.524557564227218","0.552571002263665"
"Some worries","2004","Not Employed","Male","1671","0.501200794296074","0.483968351911244","0.518433236680905"
"Big worries","2005","Employed","Female","2055","0.354961020637197","0.342936369237562","0.366985672036831"
"Big worries","2005","Employed","Male","1866","0.291538893712559","0.280674510040717","0.302403277384401"
"Big worries","2005","Not Employed","Female","1423","0.306294168588987","0.293096294347441","0.319492042830534"
"Big worries","2005","Not Employed","Male","860","0.268384118177754","0.252926920230015","0.283841316125493"
"No worries","2005","Employed","Female","825","0.138466085578769","0.129786538176493","0.147145632981044"
"No worries","2005","Employed","Male","1318","0.196816952858868","0.18731227601832","0.206321629699415"
"No worries","2005","Not Employed","Female","849","0.186538661745835","0.175385452869901","0.197691870621769"
"No worries","2005","Not Employed","Male","737","0.239497450170918","0.224610299482583","0.254384600859253"
"Some worries","2005","Employed","Female","3203","0.506572893784035","0.494009075155472","0.519136712412598"
"Some worries","2005","Employed","Male","3538","0.511644153428573","0.4996946174672","0.523593689389946"
"Some worries","2005","Not Employed","Female","2414","0.507167169665178","0.492852796634435","0.521481542695921"
"Some worries","2005","Not Employed","Male","1560","0.492118431651328","0.47467922027336","0.509557643029295"
"Big worries","2006","Employed","Female","2009","0.329969397912899","0.318445166566954","0.341493629258843"
"Big worries","2006","Employed","Male","1783","0.271340070818987","0.260913964962266","0.281766176675708"
"Big worries","2006","Not Employed","Female","1421","0.285515344816733","0.273044752207847","0.29798593742562"
"Big worries","2006","Not Employed","Male","858","0.259124003868668","0.244492799965127","0.273755207772209"
"No worries","2006","Employed","Female","891","0.143539535707154","0.134946091826431","0.152132979587878"
"No worries","2006","Employed","Male","1460","0.216937145277085","0.20727289893751","0.226601391616659"
"No worries","2006","Not Employed","Female","940","0.193406316146857","0.182500990298043","0.204311641995671"
"No worries","2006","Not Employed","Male","771","0.223992891328741","0.210070833108561","0.237914949548921"
"Some worries","2006","Employed","Female","3495","0.526491066379947","0.514253715620903","0.538728417138991"
"Some worries","2006","Employed","Male","3744","0.511722783903929","0.500002089942859","0.523443477864998"
"Some worries","2006","Not Employed","Female","2678","0.52107833903641","0.50728530963604","0.53487136843678"
"Some worries","2006","Not Employed","Male","1816","0.516883104802591","0.500196201125013","0.53357000848017"
"Big worries","2007","Employed","Female","1834","0.319473852524517","0.307689480434048","0.331258224614986"
"Big worries","2007","Employed","Male","1626","0.258357258272518","0.247721574978352","0.268992941566685"
"Big worries","2007","Not Employed","Female","1292","0.272488949545065","0.259709574147939","0.285268324942191"
"Big worries","2007","Not Employed","Male","797","0.247693710384105","0.232825301198332","0.262562119569877"
"No worries","2007","Employed","Female","864","0.14619087894481","0.137261794859702","0.155119963029918"
"No worries","2007","Employed","Male","1372","0.213836394690018","0.203874201332001","0.223798588048035"
"No worries","2007","Not Employed","Female","947","0.206614486553162","0.194993636413439","0.218235336692886"
"No worries","2007","Not Employed","Male","765","0.242535955951869","0.227772815692789","0.257299096210949"
"Some worries","2007","Employed","Female","3316","0.534335268530674","0.521728320206069","0.546942216855279"
"Some worries","2007","Employed","Male","3509","0.527806347037464","0.515676507256295","0.539936186818632"
"Some worries","2007","Not Employed","Female","2424","0.520896563901773","0.506557996162209","0.535235131641336"
"Some worries","2007","Not Employed","Male","1676","0.509770333664026","0.492551777072721","0.526988890255332"
"Big worries","2008","Employed","Female","1466","0.274342373999015","0.262783631028188","0.285901116969842"
"Big worries","2008","Employed","Male","1281","0.212912777924828","0.202682497895664","0.223143057953991"
"Big worries","2008","Not Employed","Female","1051","0.241759703682472","0.229071384660731","0.254448022704212"
"Big worries","2008","Not Employed","Male","705","0.238612236196617","0.223482941556604","0.25374153083663"
"No worries","2008","Employed","Female","934","0.165173640547051","0.155553825424245","0.174793455669857"
"No worries","2008","Employed","Male","1491","0.244457701501657","0.233717647104319","0.255197755898995"
"No worries","2008","Not Employed","Female","927","0.210959510010388","0.198868630296659","0.223050389724117"
"No worries","2008","Not Employed","Male","757","0.238273737404923","0.223151817551045","0.2533956572588"
"Some worries","2008","Employed","Female","3324","0.560483985453934","0.547626168625528","0.57334180228234"
"Some worries","2008","Employed","Male","3379","0.542629520573516","0.530179759955314","0.555079281191718"
"Some worries","2008","Not Employed","Female","2396","0.54728078630714","0.532529555249843","0.562032017364436"
"Some worries","2008","Not Employed","Male","1587","0.523114026398461","0.50538541029698","0.540842642499941"
"Big worries","2009","Employed","Female","1142","0.215980091184786","0.205060129384531","0.226900052985041"
"Big worries","2009","Employed","Male","1023","0.188405618499995","0.17829138588165","0.198519851118339"
"Big worries","2009","Not Employed","Female","801","0.220275790985112","0.207335207048879","0.233216374921345"
"Big worries","2009","Not Employed","Male","543","0.200489513377709","0.185790656063279","0.215188370692139"
"No worries","2009","Employed","Female","1037","0.181097037209804","0.170877702883517","0.191316371536091"
"No worries","2009","Employed","Male","1471","0.250753602485775","0.239542394249057","0.261964810722494"
"No worries","2009","Not Employed","Female","890","0.225240690543523","0.212196810179938","0.238284570907108"
"No worries","2009","Not Employed","Male","771","0.262260214318656","0.246111294823479","0.278409133813834"
"Some worries","2009","Employed","Female","3276","0.60292287160541","0.589938557014622","0.615907186196198"
"Some worries","2009","Employed","Male","3248","0.56084077901423","0.548004259307067","0.573677298721393"
"Some worries","2009","Not Employed","Female","2249","0.554483518471365","0.538964073388355","0.570002963554376"
"Some worries","2009","Not Employed","Male","1536","0.537250272303635","0.518944541602442","0.555556003004828"
"Big worries","2010","Employed","Female","1775","0.229061015762024","0.219652828832078","0.23846920269197"
"Big worries","2010","Employed","Male","1473","0.180952542689114","0.172438427514622","0.189466657863605"
"Big worries","2010","Not Employed","Female","1298","0.225788340837249","0.214578602478836","0.236998079195663"
"Big worries","2010","Not Employed","Male","601","0.194769408953488","0.180654512271221","0.208884305635756"
"No worries","2010","Employed","Female","1388","0.196426082386489","0.187531351016961","0.205320813756016"
"No worries","2010","Employed","Male","2019","0.268064774038662","0.258268547019786","0.277861001057537"
"No worries","2010","Not Employed","Female","1098","0.213380369159126","0.20239601599804","0.224364722320212"
"No worries","2010","Not Employed","Male","792","0.255155601394356","0.239617693988419","0.270693508800292"
"Some worries","2010","Employed","Female","4501","0.574512901851488","0.56344377323053","0.585582030472445"
"Some worries","2010","Employed","Male","4362","0.550982683272225","0.539982417893445","0.561982948651004"
"Some worries","2010","Not Employed","Female","2948","0.560831290003624","0.54752531573897","0.574137264268278"
"Some worries","2010","Not Employed","Male","1631","0.550074989652156","0.532343786124024","0.567806193180288"
"Big worries","2011","Employed","Female","1335","0.225493517698041","0.215136166278509","0.235850869117574"
"Big worries","2011","Employed","Male","1052","0.1712381378251","0.161986308902863","0.180489966747337"
"Big worries","2011","Not Employed","Female","898","0.196183584809832","0.184694145626576","0.207673023993089"
"Big worries","2011","Not Employed","Male","576","0.170673127095251","0.157904458539544","0.183441795650958"
"No worries","2011","Employed","Female","1295","0.212696570303444","0.202554643594972","0.222838497011915"
"No worries","2011","Employed","Male","1843","0.29376396076872","0.282577655623549","0.304950265913892"
"No worries","2011","Not Employed","Female","1185","0.263459860454836","0.250714723671046","0.276204997238627"
"No worries","2011","Not Employed","Male","1011","0.303267178141349","0.28766640893925","0.318867947343448"
"Some worries","2011","Employed","Female","3624","0.561809911998515","0.549513026592609","0.574106797404421"
"Some worries","2011","Employed","Male","3474","0.534997901406179","0.522748469092998","0.547247333719361"
"Some worries","2011","Not Employed","Female","2506","0.540356554735332","0.525937399753469","0.554775709717194"
"Some worries","2011","Not Employed","Male","1748","0.5260596947634","0.509113214577603","0.543006174949196"
"Big worries","2012","Employed","Female","1381","0.230346366168762","0.219926820270906","0.240765912066617"
"Big worries","2012","Employed","Male","1082","0.183980533087586","0.17431242036839","0.193648645806782"
"Big worries","2012","Not Employed","Female","1054","0.232454992275253","0.220165407500716","0.24474457704979"
"Big worries","2012","Not Employed","Male","679","0.204463189483999","0.191030605927334","0.217895773040664"
"No worries","2012","Employed","Female","1181","0.189859008719312","0.180153767025437","0.199564250413186"
"No worries","2012","Employed","Male","1667","0.285495570554872","0.274225992418741","0.296765148691004"
"No worries","2012","Not Employed","Female","969","0.210196069412714","0.198341445353551","0.222050693471877"
"No worries","2012","Not Employed","Male","904","0.252051154153725","0.237590027204932","0.266512281102519"
"Some worries","2012","Employed","Female","3711","0.579794625111927","0.567580050650978","0.592009199572875"
"Some worries","2012","Employed","Male","3421","0.530523896357542","0.518071161820266","0.542976630894818"
"Some worries","2012","Not Employed","Female","2515","0.557348938312033","0.542897529413831","0.571800347210235"
"Some worries","2012","Not Employed","Male","1880","0.543485656362276","0.526895781796465","0.560075530928087"
"Big worries","2013","Employed","Female","1229","0.206429278665544","0.196085861362948","0.216772695968139"
"Big worries","2013","Employed","Male","951","0.165209705969246","0.155537371972026","0.174882039966466"
"Big worries","2013","Not Employed","Female","1247","0.207692092730612","0.197987460242853","0.21739672521837"
"Big worries","2013","Not Employed","Male","811","0.159049585197386","0.149410474000391","0.168688696394382"
"No worries","2013","Employed","Female","1179","0.199987322013148","0.189765336806915","0.21020930721938"
"No worries","2013","Employed","Male","1627","0.292903147831521","0.281050202490811","0.304756093172232"
"No worries","2013","Not Employed","Female","2214","0.276615944185337","0.265914431075388","0.287317457295285"
"No worries","2013","Not Employed","Male","2197","0.338223279556908","0.325753952492777","0.350692606621039"
"Some worries","2013","Employed","Female","3474","0.593583399321308","0.581031421195545","0.606135377447072"
"Some worries","2013","Employed","Male","3085","0.541887146199233","0.528910410071462","0.554863882327004"
"Some worries","2013","Not Employed","Female","3251","0.515691963084052","0.503736176979","0.527647749189104"
"Some worries","2013","Not Employed","Male","2522","0.502727135245706","0.489549148400549","0.515905122090863"
"Big worries","2014","Employed","Female","2175","0.245173548892014","0.236329514935804","0.254017582848224"
"Big worries","2014","Employed","Male","1562","0.175429330550956","0.167407343356063","0.183451317745849"
"Big worries","2014","Not Employed","Female","1387","0.237510123864329","0.226275679689467","0.248744568039191"
"Big worries","2014","Not Employed","Male","783","0.190403884616819","0.177904155652241","0.202903613581396"
"No worries","2014","Employed","Female","1710","0.171547004422806","0.163796757399091","0.179297251446521"
"No worries","2014","Employed","Male","2300","0.278682055299807","0.269225460278811","0.288138650320803"
"No worries","2014","Not Employed","Female","1221","0.2272643952761","0.216201351036816","0.238327439515385"
"No worries","2014","Not Employed","Male","1019","0.287049974596364","0.272647510978278","0.30145243821445"
"Some worries","2014","Employed","Female","5204","0.58327944668518","0.573143814627392","0.593415078742968"
"Some worries","2014","Employed","Male","4773","0.545888614149237","0.535387143240098","0.556390085058377"
"Some worries","2014","Not Employed","Female","2904","0.53522548085957","0.522058596170372","0.548392365548769"
"Some worries","2014","Not Employed","Male","1988","0.522546140786818","0.506643966375583","0.538448315198053"
"Big worries","2015","Employed","Female","3182","0.383323505147533","0.373005150355947","0.393641859939118"
"Big worries","2015","Employed","Male","2350","0.291053611731588","0.281115159284064","0.300992064179113"
"Big worries","2015","Not Employed","Female","1945","0.348754236821519","0.336588500821258","0.36091997282178"
"Big worries","2015","Not Employed","Male","1210","0.325399130716866","0.311357740513774","0.339440520919958"
"No worries","2015","Employed","Female","986","0.106563490850352","0.100015092341474","0.11311188935923"
"No worries","2015","Employed","Male","1465","0.180450223930253","0.172036428449873","0.188864019410634"
"No worries","2015","Not Employed","Female","1145","0.156085547154386","0.146820732315218","0.165350361993554"
"No worries","2015","Not Employed","Male","1093","0.222582756923199","0.210116062653787","0.235049451192611"
"Some worries","2015","Employed","Female","4361","0.510113004002115","0.499503863844903","0.520722144159327"
"Some worries","2015","Employed","Male","4210","0.528496164338158","0.517574492949296","0.539417835727021"
"Some worries","2015","Not Employed","Female","2805","0.495160216024095","0.48239712565456","0.50792330639363"
"Some worries","2015","Not Employed","Male","1974","0.452018112359935","0.437102554999912","0.466933669719959"
"Big worries","2016","Employed","Female","4327","0.539583832923609","0.528889845538757","0.550277820308462"
"Big worries","2016","Employed","Male","3289","0.41667392655405","0.405700581144434","0.427647271963667"
"Big worries","2016","Not Employed","Female","2490","0.479983372508765","0.46776630323261","0.49220044178492"
"Big worries","2016","Not Employed","Male","1602","0.408389392970292","0.396008663896553","0.420770122044032"
"No worries","2016","Employed","Female","652","0.0741924823935665","0.0685693899528367","0.0798155748342964"
"No worries","2016","Employed","Male","1054","0.141790430451724","0.134026076422202","0.149554784481246"
"No worries","2016","Not Employed","Female","1687","0.107048739188802","0.0994882485399019","0.114609229837702"
"No worries","2016","Not Employed","Male","2440","0.167742797713304","0.158331668430524","0.177153926996084"
"Some worries","2016","Employed","Female","3366","0.386223684682824","0.375777458265181","0.396669911100467"
"Some worries","2016","Employed","Male","3411","0.441535642994225","0.43048300854138","0.452588277447071"
"Some worries","2016","Not Employed","Female","2247","0.412967888302433","0.400927669045828","0.425008107559039"
"Some worries","2016","Not Employed","Male","2013","0.423867809316404","0.411420734336233","0.436314884296574"
"Big worries","2017","Employed","Female","4130","0.462062397529368","0.451935194525777","0.472189600532958"
"Big worries","2017","Employed","Male","3194","0.374842141851577","0.364785056395894","0.384899227307261"
"Big worries","2017","Not Employed","Female","2354","0.439896277511788","0.42836821084547","0.451424344178105"
"Big worries","2017","Not Employed","Male","1569","0.368153951163089","0.356572415554821","0.379735486771357"
"No worries","2017","Employed","Female","785","0.0792236127475546","0.0737373366607821","0.0847098888343271"
"No worries","2017","Employed","Male","1370","0.142144937394578","0.134890132367419","0.149399742421738"
"No worries","2017","Not Employed","Female","2221","0.128106007073553","0.120344184758639","0.135867829388467"
"No worries","2017","Not Employed","Male","2834","0.171196873939913","0.162151648778286","0.180242099101541"
"Some worries","2017","Employed","Female","4395","0.458713989723078","0.448592192219824","0.468835787226332"
"Some worries","2017","Employed","Male","4336","0.483012920753844","0.472631129160567","0.493394712347122"
"Some worries","2017","Not Employed","Female","2547","0.43199771541466","0.420493344573842","0.443502086255478"
"Some worries","2017","Not Employed","Male","2259","0.460649174896998","0.448679934232973","0.472618415561023"
"Big worries","2018","Employed","Female","3284","0.379936147881605","0.369965910901363","0.389906384861846"
"Big worries","2018","Employed","Male","2543","0.298348624985609","0.288797387507304","0.307899862463915"
"Big worries","2018","Not Employed","Female","1938","0.362758611364112","0.350994938887045","0.374522283841178"
"Big worries","2018","Not Employed","Male","1285","0.291626721768214","0.279694828722591","0.303558614813838"
"No worries","2018","Employed","Female","967","0.0988449356916945","0.0927142515433217","0.104975619840067"
"No worries","2018","Employed","Male","1716","0.168021150732021","0.160216112173081","0.175826189290961"
"No worries","2018","Not Employed","Female","1747","0.139031368458245","0.130566267648107","0.147496469268383"
"No worries","2018","Not Employed","Male","2021","0.19542838916874","0.185018627481071","0.205838150856409"
"Some worries","2018","Employed","Female","4853","0.521218916426701","0.510957423676298","0.531480409177103"
"Some worries","2018","Employed","Male","4556","0.53363022428237","0.523216109956034","0.544044338608706"
"Some worries","2018","Not Employed","Female","2732","0.498210020177644","0.48597656056022","0.510443479795067"
"Some worries","2018","Not Employed","Male","2268","0.512944889063046","0.499823221981775","0.526066556144316"
"Big worries","2019","Employed","Female","3708","0.412687455541729","0.40250039866302","0.422874512420437"
"Big worries","2019","Employed","Male","3133","0.326480300982807","0.317084341183305","0.335876260782309"
"Big worries","2019","Not Employed","Female","2007","0.388997523474231","0.376643176621264","0.401351870327197"
"Big worries","2019","Not Employed","Male","1369","0.352466713928053","0.339249814145538","0.365683613710568"
"No worries","2019","Employed","Female","811","0.0854591431306217","0.0796743973008144","0.091243888960429"
"No worries","2019","Employed","Male","1813","0.161600548737055","0.154225168487635","0.168975928986475"
"No worries","2019","Not Employed","Female","1522","0.127151067186653","0.118708890561891","0.135593243811415"
"No worries","2019","Not Employed","Male","1682","0.18338433357746","0.172678278763964","0.194090388390955"
"Some worries","2019","Employed","Female","4453","0.50185340132765","0.491507448850654","0.512199353804645"
"Some worries","2019","Employed","Male","4622","0.511919150280137","0.501903386346867","0.521934914213408"
"Some worries","2019","Not Employed","Female","2453","0.483851409339116","0.471187486235717","0.496515332442515"
"Some worries","2019","Not Employed","Male","1968","0.464148952494487","0.450351775915249","0.477946129073725"
