"plh0172","year","e11102","sex","n","percent","lower_confidence","upper_confidence","value"
"0 Completely dissatisfied","2008","Employed","Female","43","0.00834254034834069","0.00599076800026581","0.0106943126964156","0"
"0 Completely dissatisfied","2008","Employed","Male","12","","","","0"
"0 Completely dissatisfied","2008","Not Employed","Female","41","0.0103188506881529","0.00733796000012986","0.0132997413761759","0"
"0 Completely dissatisfied","2008","Not Employed","Male","28","","","","0"
"1 on Scale 1 to 10","2008","Not Employed","Female","69","0.015247959567627","0.0116334277872481","0.0188624913480059","1"
"1 on Scale 1 to 10","2008","Employed","Male","44","0.00758240427196137","0.00541878766634608","0.00974602087757666","1"
"1 on Scale 1 to 10","2008","Not Employed","Male","25","","","","1"
"1 on Scale 1 to 10","2008","Employed","Female","43","0.007216570428596","0.00502801289857268","0.00940512795861933","1"
"10 Completely satisfied","2008","Not Employed","Female","396","0.0947739304691677","0.0861340902796472","0.103413770658688","10"
"10 Completely satisfied","2008","Employed","Male","691","0.106733241420206","0.0990318349433983","0.114434647897015","10"
"10 Completely satisfied","2008","Employed","Female","603","0.107812949652279","0.0997937929166279","0.11583210638793","10"
"10 Completely satisfied","2008","Not Employed","Male","351","0.124422525788102","0.112735594054615","0.136109457521589","10"
"2 on Scale 1 to 10","2008","Not Employed","Female","200","0.045354998056381","0.0392171481374902","0.0514928479752718","2"
"2 on Scale 1 to 10","2008","Employed","Male","138","0.0298984424868515","0.0256506578144561","0.0341462271592469","2"
"2 on Scale 1 to 10","2008","Employed","Female","157","0.0286504575872569","0.0243370665510682","0.0329638486234457","2"
"2 on Scale 1 to 10","2008","Not Employed","Male","106","0.0451967125467537","0.037841180587526","0.0525522445059814","2"
"3 on Scale 1 to 10","2008","Employed","Male","268","0.0458700161260478","0.0406520911746231","0.0510879410774724","3"
"3 on Scale 1 to 10","2008","Not Employed","Female","300","0.076713653919947","0.0688633354025343","0.0845639724373597","3"
"3 on Scale 1 to 10","2008","Employed","Female","315","0.0660841553697839","0.0596607131219894","0.0725075976175784","3"
"3 on Scale 1 to 10","2008","Not Employed","Male","165","0.0597036843597796","0.0513141734325335","0.0680931952870258","3"
"4 on Scale 1 to 10","2008","Employed","Male","356","0.059372810229244","0.0534785110339414","0.0652671094245465","4"
"4 on Scale 1 to 10","2008","Employed","Female","349","0.0652655450673846","0.0588792145594026","0.0716518755753667","4"
"4 on Scale 1 to 10","2008","Not Employed","Female","319","0.071901716643726","0.0642818152493691","0.079521618038083","4"
"4 on Scale 1 to 10","2008","Not Employed","Male","186","0.0600087523481526","0.0515991993062764","0.0684183053900287","4"
"5 on Scale 1 to 10","2008","Employed","Male","593","0.104091408347522","0.0964746723464286","0.111708144348614","5"
"5 on Scale 1 to 10","2008","Employed","Female","658","0.116211269563593","0.107924912702353","0.124497626424832","5"
"5 on Scale 1 to 10","2008","Not Employed","Female","624","0.142069405799567","0.131771258565462","0.152367553033672","5"
"5 on Scale 1 to 10","2008","Not Employed","Male","334","0.118320318868728","0.106883933206066","0.12975670453139","5"
"6 on Scale 1 to 10","2008","Employed","Male","666","0.107227065971574","0.0995099979365942","0.114944134006554","6"
"6 on Scale 1 to 10","2008","Employed","Female","560","0.0971439585215631","0.089486539148239","0.104801377894887","6"
"6 on Scale 1 to 10","2008","Not Employed","Female","497","0.116073365381114","0.106624990085399","0.125521740676829","6"
"6 on Scale 1 to 10","2008","Not Employed","Male","321","0.104496626390098","0.0936651300187365","0.115328122761459","6"
"7 on Scale 1 to 10","2008","Employed","Female","919","0.150857818398752","0.141603607358058","0.160112029439447","7"
"7 on Scale 1 to 10","2008","Employed","Male","1016","0.157429217280581","0.148345251787692","0.16651318277347","7"
"7 on Scale 1 to 10","2008","Not Employed","Female","607","0.130384790861349","0.120452263552489","0.140317318170208","7"
"7 on Scale 1 to 10","2008","Not Employed","Male","456","0.139312116376282","0.127051254495839","0.151572978256724","7"
"8 on Scale 1 to 10","2008","Employed","Female","1300","0.221551132737648","0.210813283226597","0.232288982248699","8"
"8 on Scale 1 to 10","2008","Employed","Male","1401","0.21821770656858","0.207915802093513","0.228519611043647","8"
"8 on Scale 1 to 10","2008","Not Employed","Female","868","0.188712888358043","0.17717116112629","0.200254615589796","8"
"8 on Scale 1 to 10","2008","Not Employed","Male","710","0.218553412531775","0.203920453521959","0.23318637154159","8"
"9 on Scale 1 to 10","2008","Employed","Female","799","0.130863602324803","0.122143558159024","0.139583646490582","9"
"9 on Scale 1 to 10","2008","Employed","Male","990","0.159657798770931","0.150521868721392","0.16879372882047","9"
"9 on Scale 1 to 10","2008","Not Employed","Female","494","0.108448440254926","0.0992763646859842","0.117620515823867","9"
"9 on Scale 1 to 10","2008","Not Employed","Male","382","0.11269532158022","0.101498544293246","0.123892098867194","9"
"0 Completely dissatisfied","2009","Employed","Female","27","","","","0"
"0 Completely dissatisfied","2009","Employed","Male","24","","","","0"
"0 Completely dissatisfied","2009","Not Employed","Female","39","0.0128042692368769","0.00931487893867711","0.0162936595350767","0"
"0 Completely dissatisfied","2009","Not Employed","Male","24","","","","0"
"1 on Scale 1 to 10","2009","Employed","Female","48","0.00720672685559976","0.00496556361486269","0.00944789009633684","1"
"1 on Scale 1 to 10","2009","Not Employed","Female","65","0.0175135191039915","0.0134423371013528","0.0215847011066302","1"
"1 on Scale 1 to 10","2009","Employed","Male","41","0.00900148455732052","0.00656237997764103","0.011440589137","1"
"1 on Scale 1 to 10","2009","Not Employed","Male","30","0.0130233978439614","0.00887915926802097","0.0171676364199019","1"
"10 Completely satisfied","2009","Not Employed","Female","317","0.0755998862867035","0.0673952169580914","0.0838045556153156","10"
"10 Completely satisfied","2009","Employed","Female","598","0.110572351779272","0.102263258531406","0.118881445027138","10"
"10 Completely satisfied","2009","Employed","Male","613","0.10264095807653","0.0948034081658093","0.110478507987251","10"
"10 Completely satisfied","2009","Not Employed","Male","307","0.112732119021404","0.101171518829493","0.124292719213316","10"
"2 on Scale 1 to 10","2009","Employed","Female","130","0.0267117197355912","0.0224395675179083","0.030983871953274","2"
"2 on Scale 1 to 10","2009","Employed","Male","129","0.0275147483111505","0.0232903862516595","0.0317391103706415","2"
"2 on Scale 1 to 10","2009","Not Employed","Female","169","0.0440871524832865","0.0377157404681073","0.0504585644984656","2"
"2 on Scale 1 to 10","2009","Not Employed","Male","91","0.032682742849069","0.0261833485844788","0.0391821371136592","2"
"3 on Scale 1 to 10","2009","Employed","Female","328","0.0634430946842151","0.0569845553122207","0.0699016340562095","3"
"3 on Scale 1 to 10","2009","Employed","Male","258","0.0453052290065208","0.0399343757551536","0.050676082257888","3"
"3 on Scale 1 to 10","2009","Not Employed","Female","285","0.0804565311381177","0.0720146875670305","0.0888983747092049","3"
"3 on Scale 1 to 10","2009","Not Employed","Male","151","0.0678252815084642","0.0586340516108702","0.0770165114060582","3"
"4 on Scale 1 to 10","2009","Employed","Female","339","0.0627075100797852","0.0562840002418382","0.0691310199177322","4"
"4 on Scale 1 to 10","2009","Employed","Male","330","0.0591837982380661","0.0530899636722599","0.0652776328038722","4"
"4 on Scale 1 to 10","2009","Not Employed","Female","304","0.0745231639382697","0.0663723883651828","0.0826739395113566","4"
"4 on Scale 1 to 10","2009","Not Employed","Male","217","0.0805495327361499","0.0706017830612916","0.0904972824110082","4"
"5 on Scale 1 to 10","2009","Employed","Female","647","0.121798778435686","0.113133280335008","0.130464276536363","5"
"5 on Scale 1 to 10","2009","Employed","Male","553","0.0991713760375127","0.0914525525854873","0.106890199489538","5"
"5 on Scale 1 to 10","2009","Not Employed","Female","561","0.15197209288237","0.140830237668834","0.163113948095905","5"
"5 on Scale 1 to 10","2009","Not Employed","Male","317","0.119854374206591","0.107982114772114","0.131726633641068","5"
"6 on Scale 1 to 10","2009","Employed","Female","561","0.0996554244866655","0.0917189085159675","0.107591940457364","6"
"6 on Scale 1 to 10","2009","Employed","Male","604","0.115517661705184","0.10726287936148","0.123772444048888","6"
"6 on Scale 1 to 10","2009","Not Employed","Female","435","0.103923436188445","0.0944523492175609","0.11339452315933","6"
"6 on Scale 1 to 10","2009","Not Employed","Male","249","0.0813228572821591","0.071331673754269","0.0913140408100491","6"
"7 on Scale 1 to 10","2009","Employed","Female","855","0.146822919475576","0.137445322488665","0.156200516462486","7"
"7 on Scale 1 to 10","2009","Employed","Male","1008","0.163189522922957","0.153646267666","0.172732778179914","7"
"7 on Scale 1 to 10","2009","Not Employed","Female","586","0.137981995804398","0.127278148729918","0.148685842878877","7"
"7 on Scale 1 to 10","2009","Not Employed","Male","445","0.138600328853953","0.125970029393031","0.151230628314875","7"
"8 on Scale 1 to 10","2009","Employed","Female","1178","0.218003490163382","0.207063695328122","0.228943284998643","8"
"8 on Scale 1 to 10","2009","Employed","Male","1312","0.215839642947318","0.205215231093477","0.226464054801159","8"
"8 on Scale 1 to 10","2009","Not Employed","Female","777","0.188134479260613","0.176004871340713","0.200264087180512","8"
"8 on Scale 1 to 10","2009","Not Employed","Male","667","0.221056029854224","0.205887850358967","0.236224209349482","8"
"9 on Scale 1 to 10","2009","Employed","Female","761","0.137894632214983","0.128759204160958","0.147030060269008","9"
"9 on Scale 1 to 10","2009","Employed","Male","888","0.157243469926349","0.147842466262652","0.166644473590047","9"
"9 on Scale 1 to 10","2009","Not Employed","Female","450","0.113003473676929","0.103177459812726","0.122829487541131","9"
"9 on Scale 1 to 10","2009","Not Employed","Male","377","0.123215325598772","0.111200761852173","0.135229889345372","9"
"0 Completely dissatisfied","2010","Employed","Female","51","0.00663495381735882","0.00482139131793688","0.00844851631678077","0"
"0 Completely dissatisfied","2010","Employed","Male","39","0.00663167494489358","0.00484064073046726","0.00842270915931989","0"
"0 Completely dissatisfied","2010","Not Employed","Female","73","0.0120244464555704","0.00911494170407055","0.0149339512070702","0"
"0 Completely dissatisfied","2010","Not Employed","Male","30","0.0112856049897761","0.00753677260791747","0.0150344373716347","0"
"1 on Scale 1 to 10","2010","Employed","Female","76","0.00858961277948364","0.00652816345539182","0.0106510621035755","1"
"1 on Scale 1 to 10","2010","Employed","Male","48","0.00566981177120405","0.00401294821259569","0.00732667532981241","1"
"1 on Scale 1 to 10","2010","Not Employed","Female","97","0.0196945415261966","0.0159854540741932","0.0234036289781999","1"
"1 on Scale 1 to 10","2010","Not Employed","Male","28","","","","1"
"10 Completely satisfied","2010","Employed","Male","1024","0.112990992272015","0.106005081418139","0.119976903125892","10"
"10 Completely satisfied","2010","Employed","Female","949","0.108087409552594","0.101151429440255","0.115023389664934","10"
"10 Completely satisfied","2010","Not Employed","Female","579","0.0864692282227721","0.0789667316290979","0.0939717248164463","10"
"10 Completely satisfied","2010","Not Employed","Male","344","0.107621359867392","0.0966231502617922","0.118619569472993","10"
"2 on Scale 1 to 10","2010","Employed","Male","165","0.0196579951037796","0.0165946527893069","0.0227213374182523","2"
"2 on Scale 1 to 10","2010","Employed","Female","233","0.0302656794890968","0.0264386594605246","0.034092699517669","2"
"2 on Scale 1 to 10","2010","Not Employed","Female","227","0.0492284869339343","0.0434533837334883","0.0550035901343804","2"
"2 on Scale 1 to 10","2010","Not Employed","Male","97","0.0354136317364614","0.0288543850468608","0.0419728784260621","2"
"3 on Scale 1 to 10","2010","Employed","Male","335","0.0531634579040031","0.0482125912551107","0.0581143245528955","3"
"3 on Scale 1 to 10","2010","Employed","Female","441","0.0593424651596054","0.0540646071926026","0.0646203231266083","3"
"3 on Scale 1 to 10","2010","Not Employed","Female","402","0.0780390633386603","0.0708788541696191","0.0851992725077015","3"
"3 on Scale 1 to 10","2010","Not Employed","Male","181","0.0673795513613677","0.0584831432867133","0.0762759594360221","3"
"4 on Scale 1 to 10","2010","Employed","Female","503","0.0687635160542324","0.063110656878519","0.0744163752299458","4"
"4 on Scale 1 to 10","2010","Employed","Male","456","0.0681529982383206","0.0625920109506148","0.0737139855260264","4"
"4 on Scale 1 to 10","2010","Not Employed","Female","393","0.0803070793898558","0.0730525079345206","0.087561650845191","4"
"4 on Scale 1 to 10","2010","Not Employed","Male","163","0.0513489705094582","0.0435161660833014","0.059181774935615","4"
"5 on Scale 1 to 10","2010","Employed","Female","911","0.114884193238467","0.107760760542068","0.122007625934866","5"
"5 on Scale 1 to 10","2010","Employed","Male","804","0.105725295592424","0.0989401051727209","0.112510486012127","5"
"5 on Scale 1 to 10","2010","Not Employed","Female","747","0.149571909458034","0.140051464586796","0.159092354329272","5"
"5 on Scale 1 to 10","2010","Not Employed","Male","365","0.128186191481112","0.116322204394453","0.140050178567771","5"
"6 on Scale 1 to 10","2010","Employed","Female","811","0.108983709568512","0.10202253134501","0.115944887792014","6"
"6 on Scale 1 to 10","2010","Employed","Male","820","0.110101354550671","0.103194127742968","0.117008581358373","6"
"6 on Scale 1 to 10","2010","Not Employed","Female","563","0.104462134607382","0.0962975357866254","0.112626733428139","6"
"6 on Scale 1 to 10","2010","Not Employed","Male","287","0.0908336202180001","0.0806349589679503","0.10103228146805","6"
"7 on Scale 1 to 10","2010","Employed","Female","1187","0.153714002005349","0.145656982218175","0.161771021792524","7"
"7 on Scale 1 to 10","2010","Employed","Male","1301","0.146771982055895","0.13896305714698","0.15458090696481","7"
"7 on Scale 1 to 10","2010","Not Employed","Female","724","0.123559794795627","0.114775373416833","0.132344216174422","7"
"7 on Scale 1 to 10","2010","Not Employed","Male","468","0.144179814491412","0.131713397047636","0.156646231935189","7"
"8 on Scale 1 to 10","2010","Employed","Female","1554","0.205731537817896","0.196701423817732","0.21476165181806","8"
"8 on Scale 1 to 10","2010","Employed","Male","1750","0.228139299475222","0.218879392379045","0.237399206571399","8"
"8 on Scale 1 to 10","2010","Not Employed","Female","1004","0.187458733434326","0.177040622497918","0.197876844370733","8"
"8 on Scale 1 to 10","2010","Not Employed","Male","694","0.234719493063774","0.219678272623331","0.249760713504216","8"
"9 on Scale 1 to 10","2010","Employed","Female","982","0.135002920517404","0.1273691686357","0.142636672399108","9"
"9 on Scale 1 to 10","2010","Employed","Male","1147","0.142995138091572","0.135270299893513","0.150719976289632","9"
"9 on Scale 1 to 10","2010","Not Employed","Female","582","0.109184581837641","0.100859510852869","0.117509652822412","9"
"9 on Scale 1 to 10","2010","Not Employed","Male","393","0.117649464568751","0.106215055487117","0.129083873650385","9"
"0 Completely dissatisfied","2011","Employed","Female","55","0.00795508459722301","0.00606286567934067","0.00984730351510535","0"
"0 Completely dissatisfied","2011","Employed","Male","32","0.00431448528020138","0.00291268627900183","0.00571628428140093","0"
"0 Completely dissatisfied","2011","Not Employed","Female","63","0.0123125217243614","0.00946143274555089","0.015163610703172","0"
"0 Completely dissatisfied","2011","Not Employed","Male","37","0.0105394349722733","0.00704519373147584","0.0140336762130708","0"
"1 on Scale 1 to 10","2011","Employed","Female","84","0.00832217625658185","0.00638714908987674","0.010257203423287","1"
"1 on Scale 1 to 10","2011","Employed","Male","64","0.00961153373494695","0.00752483722254291","0.011698230247351","1"
"1 on Scale 1 to 10","2011","Not Employed","Female","103","0.019141039634281","0.015598509643605","0.0226835696249569","1"
"1 on Scale 1 to 10","2011","Not Employed","Male","41","0.0159208634547603","0.0116379105704123","0.0202038163391084","1"
"10 Completely satisfied","2011","Employed","Female","1024","0.114297797031069","0.107520662550846","0.121074931511292","10"
"10 Completely satisfied","2011","Not Employed","Female","590","0.0920880184447184","0.0846123345338563","0.0995637023555804","10"
"10 Completely satisfied","2011","Employed","Male","1039","0.118739323465173","0.111820860241538","0.125657786688809","10"
"10 Completely satisfied","2011","Not Employed","Male","395","0.118603069766766","0.107539922142362","0.12966621739117","10"
"2 on Scale 1 to 10","2011","Not Employed","Female","244","0.0439255168878893","0.0386272748214912","0.0492237589542873","2"
"2 on Scale 1 to 10","2011","Employed","Female","246","0.0317245166838377","0.0279913250302552","0.0354577083374202","2"
"2 on Scale 1 to 10","2011","Employed","Male","177","0.0274552204014147","0.0239603793647531","0.0309500614380763","2"
"2 on Scale 1 to 10","2011","Not Employed","Male","110","0.0395855365358691","0.0329137431337447","0.0462573299379935","2"
"3 on Scale 1 to 10","2011","Employed","Female","476","0.0585510749424764","0.0535501638980285","0.0635519859869243","3"
"3 on Scale 1 to 10","2011","Employed","Male","351","0.0438777577502088","0.0394971024674037","0.0482584130330139","3"
"3 on Scale 1 to 10","2011","Not Employed","Female","428","0.0825225468349133","0.0754085854406782","0.0896365082291485","3"
"3 on Scale 1 to 10","2011","Not Employed","Male","165","0.0557490881576644","0.0478984028985511","0.0635997734167777","3"
"4 on Scale 1 to 10","2011","Employed","Female","543","0.0638155236887021","0.0586092475687187","0.0690217998086855","4"
"4 on Scale 1 to 10","2011","Employed","Male","458","0.0593275345008691","0.0542750205410876","0.0643800484606506","4"
"4 on Scale 1 to 10","2011","Not Employed","Female","434","0.0787146388952073","0.0717523453295017","0.0856769324609129","4"
"4 on Scale 1 to 10","2011","Not Employed","Male","204","0.0688984367935609","0.0602318480593785","0.0775650255277432","4"
"5 on Scale 1 to 10","2011","Employed","Female","959","0.111988609936385","0.105271545627011","0.118705674245759","5"
"5 on Scale 1 to 10","2011","Employed","Male","889","0.116248021502546","0.109392852903956","0.123103190101136","5"
"5 on Scale 1 to 10","2011","Not Employed","Female","825","0.153794658802024","0.144467787158426","0.163121530445621","5"
"5 on Scale 1 to 10","2011","Not Employed","Male","385","0.11279141604279","0.10196721455453","0.123615617531049","5"
"6 on Scale 1 to 10","2011","Employed","Female","884","0.108268106591501","0.101649741327917","0.114886471855086","6"
"6 on Scale 1 to 10","2011","Employed","Male","895","0.0982764411493261","0.0919096357685624","0.10464324653009","6"
"6 on Scale 1 to 10","2011","Not Employed","Female","592","0.102710351102365","0.0948615932919124","0.110559108912818","6"
"6 on Scale 1 to 10","2011","Not Employed","Male","325","0.098757517520511","0.0885492771982184","0.108965757842804","6"
"7 on Scale 1 to 10","2011","Employed","Female","1356","0.157575313470978","0.149814755569881","0.165335871372075","7"
"7 on Scale 1 to 10","2011","Employed","Male","1357","0.15935887326662","0.151530823145198","0.167186923388042","7"
"7 on Scale 1 to 10","2011","Not Employed","Female","774","0.128090354144662","0.119450200871471","0.136730507417852","7"
"7 on Scale 1 to 10","2011","Not Employed","Male","448","0.145394857628923","0.133333331833842","0.157456383424004","7"
"8 on Scale 1 to 10","2011","Employed","Female","1714","0.206772657222215","0.198146274872558","0.215399039571872","8"
"8 on Scale 1 to 10","2011","Employed","Male","1922","0.217960369189199","0.20913031631146","0.226790422066939","8"
"8 on Scale 1 to 10","2011","Not Employed","Female","1066","0.179538473050751","0.169615647264951","0.18946129883655","8"
"8 on Scale 1 to 10","2011","Not Employed","Male","726","0.209104391974722","0.195189298274046","0.223019485675398","8"
"9 on Scale 1 to 10","2011","Employed","Female","1126","0.130729139579029","0.123548765453277","0.137909513704782","9"
"9 on Scale 1 to 10","2011","Employed","Male","1214","0.144830439759494","0.137303538871116","0.152357340647872","9"
"9 on Scale 1 to 10","2011","Not Employed","Female","628","0.107161880478828","0.0991647530270928","0.115159007930564","9"
"9 on Scale 1 to 10","2011","Not Employed","Male","445","0.12465538715216","0.113352483297104","0.135958291007217","9"
"0 Completely dissatisfied","2012","Employed","Female","60","0.00724974795467092","0.00547744130903365","0.00902205460030818","0"
"0 Completely dissatisfied","2012","Employed","Male","30","0.00522694300426113","0.00368408087260585","0.0067698051359164","0"
"0 Completely dissatisfied","2012","Not Employed","Female","72","0.016113057235082","0.0128420822811414","0.0193840321890226","0"
"0 Completely dissatisfied","2012","Not Employed","Male","40","0.00975229433501621","0.0065532562670612","0.0129513324029712","0"
"1 on Scale 1 to 10","2012","Employed","Female","85","0.00963499904606691","0.00759429094276527","0.0116757071493685","1"
"1 on Scale 1 to 10","2012","Not Employed","Female","94","0.016174019787857","0.012896964459868","0.0194510751158461","1"
"1 on Scale 1 to 10","2012","Employed","Male","45","0.00675266038209109","0.00500036470458208","0.00850495605960009","1"
"1 on Scale 1 to 10","2012","Not Employed","Male","58","0.0182772448041821","0.0139166686176846","0.0226378209906795","1"
"10 Completely satisfied","2012","Employed","Female","981","0.106016462655154","0.0995850137411433","0.112447911569164","10"
"10 Completely satisfied","2012","Not Employed","Female","562","0.102736086720543","0.0948486251626125","0.110623548278474","10"
"10 Completely satisfied","2012","Employed","Male","1024","0.118298842483808","0.111388617561315","0.125209067406301","10"
"10 Completely satisfied","2012","Not Employed","Male","424","0.108755174011544","0.0986203185310282","0.118890029492061","10"
"2 on Scale 1 to 10","2012","Not Employed","Female","242","0.0516327651340854","0.0458841053407285","0.0573814249274423","2"
"2 on Scale 1 to 10","2012","Employed","Female","249","0.0256625638036306","0.0223591564996786","0.0289659711075827","2"
"2 on Scale 1 to 10","2012","Employed","Male","175","0.0227159181190299","0.0195279292949128","0.025903906943147","2"
"2 on Scale 1 to 10","2012","Not Employed","Male","98","0.031303540558527","0.0256348249163535","0.0369722562007005","2"
"3 on Scale 1 to 10","2012","Employed","Female","546","0.0601498248867213","0.0551827134220681","0.0651169363513746","3"
"3 on Scale 1 to 10","2012","Employed","Male","375","0.0514557773739523","0.046728761138481","0.0561827936094237","3"
"3 on Scale 1 to 10","2012","Not Employed","Male","180","0.061578373768018","0.0537529620363181","0.0694037854997179","3"
"3 on Scale 1 to 10","2012","Not Employed","Female","410","0.0697911460761807","0.0631719378262017","0.0764103543261598","3"
"4 on Scale 1 to 10","2012","Employed","Female","568","0.0677401738874908","0.062490297868228","0.0729900499067535","4"
"4 on Scale 1 to 10","2012","Employed","Male","463","0.0562418732252621","0.0513123891128385","0.0611713573376856","4"
"4 on Scale 1 to 10","2012","Not Employed","Male","201","0.0591617117366768","0.0514815221174788","0.0668419013558748","4"
"4 on Scale 1 to 10","2012","Not Employed","Female","410","0.0752398359835535","0.0683872558624651","0.082092416104642","4"
"5 on Scale 1 to 10","2012","Employed","Female","1009","0.12294532222434","0.116085280640895","0.129805363807785","5"
"5 on Scale 1 to 10","2012","Employed","Male","847","0.104257465153377","0.0977188404644292","0.110796089842324","5"
"5 on Scale 1 to 10","2012","Not Employed","Male","422","0.126807838241755","0.115975504068817","0.137640172414692","5"
"5 on Scale 1 to 10","2012","Not Employed","Female","799","0.146010780317062","0.136837296471801","0.155184264162324","5"
"6 on Scale 1 to 10","2012","Employed","Female","994","0.106784222842612","0.100332300264067","0.113236145421158","6"
"6 on Scale 1 to 10","2012","Employed","Male","906","0.104343638173805","0.0978026264786614","0.110884649868948","6"
"6 on Scale 1 to 10","2012","Not Employed","Female","617","0.112068975620117","0.103873994418238","0.120263956821997","6"
"6 on Scale 1 to 10","2012","Not Employed","Male","332","0.0910069460383403","0.0816440190183664","0.100369873058314","6"
"7 on Scale 1 to 10","2012","Employed","Female","1336","0.150995220387787","0.14351534992688","0.158475090848694","7"
"7 on Scale 1 to 10","2012","Employed","Male","1492","0.179720205740715","0.171504957502727","0.187935453978703","7"
"7 on Scale 1 to 10","2012","Not Employed","Female","743","0.117032250766246","0.108681205368553","0.12538329616394","7"
"7 on Scale 1 to 10","2012","Not Employed","Male","587","0.149343371253359","0.137740533850717","0.160946208656002","7"
"8 on Scale 1 to 10","2012","Employed","Female","1794","0.209836099550753","0.201329497750527","0.218342701350979","8"
"8 on Scale 1 to 10","2012","Employed","Male","1869","0.214307880317317","0.205528042380863","0.223087718253772","8"
"8 on Scale 1 to 10","2012","Not Employed","Female","1100","0.188745609313624","0.178580018971714","0.198911199655534","8"
"8 on Scale 1 to 10","2012","Not Employed","Male","813","0.220227747787565","0.20673768432536","0.233717811249769","8"
"9 on Scale 1 to 10","2012","Employed","Female","1180","0.132985362760773","0.125891667219477","0.14007905830207","9"
"9 on Scale 1 to 10","2012","Employed","Male","1165","0.136678796026382","0.129328953967592","0.144028638085172","9"
"9 on Scale 1 to 10","2012","Not Employed","Female","643","0.104455473045648","0.0965099070828504","0.112401039008445","9"
"9 on Scale 1 to 10","2012","Not Employed","Male","470","0.123785757465016","0.113064775166969","0.134506739763064","9"
"0 Completely dissatisfied","2013","Employed","Female","44","0.00456019909917478","0.00315018667837696","0.00597021151997259","0"
"0 Completely dissatisfied","2013","Employed","Male","28","","","","0"
"0 Completely dissatisfied","2013","Not Employed","Female","71","0.0160608764680639","0.0126882501460427","0.0194335027900852","0"
"0 Completely dissatisfied","2013","Not Employed","Male","31","0.0128991046827831","0.00917724677435456","0.0166209625912116","0"
"1 on Scale 1 to 10","2013","Employed","Female","75","0.00718464177114988","0.00541713804354095","0.00895214549875881","1"
"1 on Scale 1 to 10","2013","Employed","Male","56","0.00826693762262173","0.00629811707817079","0.0102357581670727","1"
"1 on Scale 1 to 10","2013","Not Employed","Female","91","0.0165469897723177","0.0131245501447363","0.0199694293998992","1"
"1 on Scale 1 to 10","2013","Not Employed","Male","39","0.0137177132126553","0.00988116457326526","0.0175542618520453","1"
"10 Completely satisfied","2013","Employed","Female","934","0.100982256941889","0.0946766019722959","0.107287911911483","10"
"10 Completely satisfied","2013","Employed","Male","875","0.10635190602923","0.0996485496071008","0.113055262451359","10"
"10 Completely satisfied","2013","Not Employed","Female","464","0.0881630728282314","0.0805562826514968","0.0957698630049661","10"
"10 Completely satisfied","2013","Not Employed","Male","443","0.118806658669711","0.108134427433232","0.12947888990619","10"
"2 on Scale 1 to 10","2013","Employed","Male","157","0.0246248802707751","0.021255040072578","0.0279947204689721","2"
"2 on Scale 1 to 10","2013","Employed","Female","274","0.0340695247810697","0.030273058844161","0.0378659907179784","2"
"2 on Scale 1 to 10","2013","Not Employed","Female","237","0.0451138515848217","0.0395454539592658","0.0506822492103775","2"
"2 on Scale 1 to 10","2013","Not Employed","Male","136","0.0418203638961136","0.035217739316319","0.0484229884759083","2"
"3 on Scale 1 to 10","2013","Employed","Male","362","0.0507923299268077","0.0460179597001298","0.0555667001534855","3"
"3 on Scale 1 to 10","2013","Employed","Female","467","0.0576065624095001","0.0527304282937957","0.0624826965252045","3"
"3 on Scale 1 to 10","2013","Not Employed","Female","400","0.077334782142751","0.0701682509188312","0.0845013133666708","3"
"3 on Scale 1 to 10","2013","Not Employed","Male","168","0.0529918264612615","0.0456029136797146","0.0603807392428083","3"
"4 on Scale 1 to 10","2013","Employed","Male","487","0.0623758734782754","0.057117406956775","0.0676343399997757","4"
"4 on Scale 1 to 10","2013","Employed","Female","582","0.0703562319282057","0.0650040224521328","0.0757084414042786","4"
"4 on Scale 1 to 10","2013","Not Employed","Female","431","0.081124041445056","0.0737991241892846","0.0884489587008275","4"
"4 on Scale 1 to 10","2013","Not Employed","Male","215","0.0607408813795909","0.0528625818772638","0.068619180881918","4"
"5 on Scale 1 to 10","2013","Employed","Female","1021","0.119657386137123","0.112865050254277","0.126449722019968","5"
"5 on Scale 1 to 10","2013","Not Employed","Female","725","0.136128897498393","0.126928658136152","0.145329136860634","5"
"5 on Scale 1 to 10","2013","Employed","Male","791","0.0980909478604845","0.0916235102977832","0.104558385423186","5"
"5 on Scale 1 to 10","2013","Not Employed","Male","364","0.109801098462249","0.0994890225432615","0.120113174381236","5"
"6 on Scale 1 to 10","2013","Employed","Female","984","0.106769609124844","0.10030668425503","0.113232533994658","6"
"6 on Scale 1 to 10","2013","Not Employed","Female","540","0.0938370342229339","0.0860137378939625","0.101660330551905","6"
"6 on Scale 1 to 10","2013","Employed","Male","911","0.104315943462873","0.0976695021676468","0.1109623847581","6"
"6 on Scale 1 to 10","2013","Not Employed","Male","346","0.0929677693308527","0.0833897260017485","0.102545812659957","6"
"7 on Scale 1 to 10","2013","Employed","Female","1374","0.156587578649173","0.14898217644561","0.164192980852736","7"
"7 on Scale 1 to 10","2013","Not Employed","Female","753","0.14431528994843","0.134887442455825","0.153743137441034","7"
"7 on Scale 1 to 10","2013","Employed","Male","1397","0.16792512794626","0.159797282185355","0.176052973707166","7"
"7 on Scale 1 to 10","2013","Not Employed","Male","539","0.148133376222473","0.136416509381214","0.159850243063733","7"
"8 on Scale 1 to 10","2013","Employed","Female","1827","0.211750452554816","0.203200423823045","0.220300481286587","8"
"8 on Scale 1 to 10","2013","Employed","Male","1872","0.225180854849534","0.216098419616884","0.234263290082184","8"
"8 on Scale 1 to 10","2013","Not Employed","Female","994","0.188039039481677","0.177555906958322","0.198522172005033","8"
"8 on Scale 1 to 10","2013","Not Employed","Male","779","0.217983858957376","0.204365673034676","0.231602044880077","8"
"9 on Scale 1 to 10","2013","Employed","Female","1189","0.130475556603054","0.12342653223091","0.137524580975198","9"
"9 on Scale 1 to 10","2013","Employed","Male","1189","0.147809386875809","0.140092257395737","0.155526516355882","9"
"9 on Scale 1 to 10","2013","Not Employed","Female","631","0.113336124607324","0.104831342799346","0.121840906415303","9"
"9 on Scale 1 to 10","2013","Not Employed","Male","471","0.130137348724934","0.119039838555399","0.141234858894469","9"
"0 Completely dissatisfied","2014","Employed","Female","59","0.00640972559092685","0.00477304193058532","0.00804640925126839","0"
"0 Completely dissatisfied","2014","Employed","Male","22","","","","0"
"0 Completely dissatisfied","2014","Not Employed","Female","82","0.0150267325089172","0.0118334951018819","0.0182199699159526","0"
"0 Completely dissatisfied","2014","Not Employed","Male","33","0.00790793458348081","0.00509690595385411","0.0107189632131075","0"
"1 on Scale 1 to 10","2014","Employed","Female","83","0.00828392708440404","0.00642503930650338","0.0101428148623047","1"
"1 on Scale 1 to 10","2014","Employed","Male","54","0.00819179197068135","0.00629424757233406","0.0100893363690286","1"
"1 on Scale 1 to 10","2014","Not Employed","Female","93","0.0180275831354377","0.0145353349014648","0.0215198313694106","1"
"1 on Scale 1 to 10","2014","Not Employed","Male","50","0.0169403905858768","0.0128448674582078","0.0210359137135458","1"
"10 Completely satisfied","2014","Employed","Female","995","0.103660769339239","0.097409261523169","0.109912277155308","10"
"10 Completely satisfied","2014","Not Employed","Female","554","0.0995148618042791","0.0916576410459528","0.107372082562605","10"
"10 Completely satisfied","2014","Employed","Male","1044","0.116239317596219","0.10949197901296","0.122986656179477","10"
"10 Completely satisfied","2014","Not Employed","Male","493","0.116332844815292","0.10615740294848","0.126508286682104","10"
"2 on Scale 1 to 10","2014","Employed","Female","288","0.0316871268990348","0.0280946776086041","0.0352795761894656","2"
"2 on Scale 1 to 10","2014","Not Employed","Female","262","0.0533703062366096","0.0474706512125751","0.0592699612606441","2"
"2 on Scale 1 to 10","2014","Employed","Male","172","0.0267391154130379","0.0233430441703367","0.030135186655739","2"
"2 on Scale 1 to 10","2014","Not Employed","Male","139","0.0386361058146086","0.0325196713926867","0.0447525402365304","2"
"3 on Scale 1 to 10","2014","Employed","Female","519","0.0628210110574441","0.0578447277805737","0.0677972943343144","3"
"3 on Scale 1 to 10","2014","Not Employed","Female","387","0.0795833297844242","0.0724795416655987","0.0866871179032497","3"
"3 on Scale 1 to 10","2014","Employed","Male","412","0.0540577054541886","0.0492972361906822","0.0588181747176949","3"
"3 on Scale 1 to 10","2014","Not Employed","Male","190","0.0495988786699763","0.0427084356496112","0.0564893216903413","3"
"4 on Scale 1 to 10","2014","Employed","Female","583","0.0718224754150846","0.0665272180756677","0.0771177327545014","4"
"4 on Scale 1 to 10","2014","Employed","Male","495","0.0622706378186925","0.0571835521175866","0.0673577235197985","4"
"4 on Scale 1 to 10","2014","Not Employed","Male","222","0.0596138586675743","0.052099628849124","0.0671280884860245","4"
"4 on Scale 1 to 10","2014","Not Employed","Female","444","0.0785787276080931","0.0715160672478058","0.0856413879683803","4"
"5 on Scale 1 to 10","2014","Employed","Female","1031","0.109625592739603","0.103218165641463","0.116033019837744","5"
"5 on Scale 1 to 10","2014","Employed","Male","864","0.0983930177262985","0.0921228463202877","0.104663189132309","5"
"5 on Scale 1 to 10","2014","Not Employed","Male","460","0.130397863492841","0.119710925647067","0.141084801338616","5"
"5 on Scale 1 to 10","2014","Not Employed","Female","784","0.141802543294607","0.132646194454378","0.150958892134836","5"
"6 on Scale 1 to 10","2014","Employed","Female","984","0.109083649562408","0.10269013503057","0.115477164094245","6"
"6 on Scale 1 to 10","2014","Employed","Male","968","0.109333091925861","0.102763746275861","0.11590243757586","6"
"6 on Scale 1 to 10","2014","Not Employed","Male","364","0.0913076092415401","0.0821660626277546","0.100449155855326","6"
"6 on Scale 1 to 10","2014","Not Employed","Female","599","0.103127976230325","0.0951454529326657","0.111110499527984","6"
"7 on Scale 1 to 10","2014","Employed","Female","1435","0.14993672679347","0.142614873857665","0.157258579729276","7"
"7 on Scale 1 to 10","2014","Employed","Male","1521","0.178480539388473","0.170419463634961","0.186541615141985","7"
"7 on Scale 1 to 10","2014","Not Employed","Female","753","0.122173268664879","0.113577609114632","0.130768928215126","7"
"7 on Scale 1 to 10","2014","Not Employed","Male","543","0.141896358558577","0.130822136074472","0.152970581042681","7"
"8 on Scale 1 to 10","2014","Employed","Female","1915","0.207487144312339","0.199170653408808","0.215803635215869","8"
"8 on Scale 1 to 10","2014","Employed","Male","1871","0.202675405301761","0.194212748178358","0.211138062425164","8"
"8 on Scale 1 to 10","2014","Not Employed","Female","1017","0.187085506144441","0.176849531214904","0.197321481073978","8"
"8 on Scale 1 to 10","2014","Not Employed","Male","792","0.217085644388334","0.204001948910672","0.230169339865997","8"
"9 on Scale 1 to 10","2014","Employed","Female","1241","0.139181851206047","0.132082995087737","0.146280707324357","9"
"9 on Scale 1 to 10","2014","Employed","Male","1245","0.140671269747636","0.133351945120153","0.147990594375119","9"
"9 on Scale 1 to 10","2014","Not Employed","Female","601","0.101709164587987","0.0937754744124625","0.109642854763511","9"
"9 on Scale 1 to 10","2014","Not Employed","Male","528","0.130282511181899","0.119599592839781","0.140965429524017","9"
"0 Completely dissatisfied","2015","Employed","Female","51","0.00633895928186174","0.00465905528378894","0.00801886327993453","0"
"0 Completely dissatisfied","2015","Employed","Male","31","0.00382551813177889","0.00247806831469231","0.00517296794886548","0"
"0 Completely dissatisfied","2015","Not Employed","Female","64","0.0153942104216541","0.0120020003874906","0.0187864204558177","0"
"0 Completely dissatisfied","2015","Not Employed","Male","23","","","","0"
"1 on Scale 1 to 10","2015","Employed","Female","65","0.00954331150283635","0.00748541444667273","0.011601208559","1"
"1 on Scale 1 to 10","2015","Employed","Male","50","0.00629019818126274","0.0045645124336123","0.00801588392891317","1"
"1 on Scale 1 to 10","2015","Not Employed","Female","87","0.0180849539911188","0.0144132429612553","0.0217566650209823","1"
"1 on Scale 1 to 10","2015","Not Employed","Male","38","0.0151520414350272","0.011067515268596","0.0192365676014585","1"
"10 Completely satisfied","2015","Employed","Female","826","0.0904999793710374","0.0844272776752693","0.0965726810668054","10"
"10 Completely satisfied","2015","Employed","Male","852","0.105180595024089","0.0984842893590223","0.111876900689156","10"
"10 Completely satisfied","2015","Not Employed","Female","432","0.0850687450947073","0.0773818301151479","0.0927556600742667","10"
"10 Completely satisfied","2015","Not Employed","Male","433","0.116049414188953","0.105340215314573","0.126758613063334","10"
"2 on Scale 1 to 10","2015","Employed","Female","210","0.0259472090421081","0.0225821481735424","0.0293122699106738","2"
"2 on Scale 1 to 10","2015","Employed","Male","129","0.0196823229368617","0.016650377686851","0.0227142681868723","2"
"2 on Scale 1 to 10","2015","Not Employed","Female","236","0.0464707611147762","0.0406707378879059","0.0522707843416465","2"
"2 on Scale 1 to 10","2015","Not Employed","Male","113","0.0397721117112932","0.0332378278614796","0.0463063955611067","2"
"3 on Scale 1 to 10","2015","Employed","Male","323","0.043117726812312","0.0386841223662889","0.0475513312583351","3"
"3 on Scale 1 to 10","2015","Employed","Female","488","0.0588459657171098","0.0538646387086061","0.0638272927256135","3"
"3 on Scale 1 to 10","2015","Not Employed","Female","349","0.0773391973180514","0.0699789281284839","0.0846994665076189","3"
"3 on Scale 1 to 10","2015","Not Employed","Male","175","0.0589561586820764","0.051080424830614","0.0668318925335388","3"
"4 on Scale 1 to 10","2015","Employed","Male","461","0.0677322930989386","0.0622474024817198","0.0732171837161573","4"
"4 on Scale 1 to 10","2015","Employed","Female","498","0.0602482779757558","0.0552117037844507","0.0652848521670609","4"
"4 on Scale 1 to 10","2015","Not Employed","Female","373","0.0766273387849152","0.0692981955354328","0.0839564820343977","4"
"4 on Scale 1 to 10","2015","Not Employed","Male","214","0.0645182877334781","0.0563037981941652","0.072732777272791","4"
"5 on Scale 1 to 10","2015","Employed","Male","831","0.108697107300394","0.101903171910577","0.11549104269021","5"
"5 on Scale 1 to 10","2015","Employed","Female","959","0.119450732431993","0.11258593715701","0.126315527706975","5"
"5 on Scale 1 to 10","2015","Not Employed","Female","682","0.135601514636853","0.126168248189593","0.145034781084114","5"
"5 on Scale 1 to 10","2015","Not Employed","Male","387","0.117676350605373","0.106902273749726","0.12845042746102","5"
"6 on Scale 1 to 10","2015","Employed","Female","998","0.116524303199013","0.109732862509348","0.123315743888678","6"
"6 on Scale 1 to 10","2015","Not Employed","Female","560","0.107236152874237","0.0987108121965103","0.115761493551964","6"
"6 on Scale 1 to 10","2015","Not Employed","Male","355","0.0993048951504706","0.0893049931652481","0.109304797135693","6"
"6 on Scale 1 to 10","2015","Employed","Male","940","0.105751728826982","0.0990394103566113","0.112464047297353","6"
"7 on Scale 1 to 10","2015","Employed","Female","1470","0.17345806989396","0.16544339240065","0.18147274738727","7"
"7 on Scale 1 to 10","2015","Not Employed","Female","726","0.127377060271292","0.118190947847132","0.136563172695452","7"
"7 on Scale 1 to 10","2015","Employed","Male","1448","0.178111903219991","0.169760632185255","0.186463174254728","7"
"7 on Scale 1 to 10","2015","Not Employed","Male","468","0.133893837226439","0.122507412698256","0.145280261754622","7"
"8 on Scale 1 to 10","2015","Employed","Female","1871","0.204720642368228","0.196179872415233","0.213261412321223","8"
"8 on Scale 1 to 10","2015","Not Employed","Female","979","0.199075525326158","0.188073375613822","0.210077675038495","8"
"8 on Scale 1 to 10","2015","Employed","Male","1855","0.225409925569214","0.216289350069886","0.234530501068543","8"
"8 on Scale 1 to 10","2015","Not Employed","Male","749","0.213915463623121","0.2002042079223","0.227626719323942","8"
"9 on Scale 1 to 10","2015","Employed","Female","1138","0.134422549216098","0.127202413150318","0.141642685281878","9"
"9 on Scale 1 to 10","2015","Employed","Male","1143","0.136200680898176","0.12871388783705","0.143687473959301","9"
"9 on Scale 1 to 10","2015","Not Employed","Female","572","0.111724540166236","0.103044515634337","0.120404564698136","9"
"9 on Scale 1 to 10","2015","Not Employed","Male","481","0.134552794952417","0.123142728729928","0.145962861174906","9"
"0 Completely dissatisfied","2016","Employed","Female","44","0.00711417036455968","0.00531354611793856","0.0089147946111808","0"
"0 Completely dissatisfied","2016","Employed","Male","24","","","","0"
"0 Completely dissatisfied","2016","Not Employed","Female","71","0.014633984673003","0.0112344109455984","0.0180335584004075","0"
"0 Completely dissatisfied","2016","Not Employed","Male","30","0.0109067313346016","0.00737531557212969","0.0144381470970734","0"
"1 on Scale 1 to 10","2016","Employed","Female","74","0.0108090667251496","0.00859370081007989","0.0130244326402193","1"
"1 on Scale 1 to 10","2016","Employed","Male","47","0.00504961720015568","0.00347438688346724","0.00662484751684412","1"
"1 on Scale 1 to 10","2016","Not Employed","Female","92","0.0193081739035381","0.0154125120283013","0.0232038357787749","1"
"1 on Scale 1 to 10","2016","Not Employed","Male","41","0.0152923091865753","0.0111200323150092","0.0194645860581414","1"
"10 Completely satisfied","2016","Employed","Female","780","0.0866090570290589","0.080583165460138","0.0926349485979798","10"
"10 Completely satisfied","2016","Employed","Male","816","0.0983430442457152","0.0917253512727732","0.104960737218657","10"
"10 Completely satisfied","2016","Not Employed","Female","413","0.0811165821451936","0.0733874736192154","0.0888456906711718","10"
"10 Completely satisfied","2016","Not Employed","Male","388","0.110698086437642","0.100030219486","0.121365953389283","10"
"2 on Scale 1 to 10","2016","Employed","Female","256","0.0279507292687455","0.0244192877528932","0.0314821707845977","2"
"2 on Scale 1 to 10","2016","Employed","Male","152","0.0201526967173214","0.0170297835628853","0.0232756098717575","2"
"2 on Scale 1 to 10","2016","Not Employed","Female","236","0.0545816098524497","0.0481505941519511","0.0610126255529483","2"
"2 on Scale 1 to 10","2016","Not Employed","Male","115","0.0386257232304028","0.03207381989539","0.0451776265654157","2"
"3 on Scale 1 to 10","2016","Employed","Female","450","0.0542102484505751","0.0493590470185702","0.0590614498825799","3"
"3 on Scale 1 to 10","2016","Employed","Male","322","0.0474315490798011","0.042707701537621","0.0521553966219812","3"
"3 on Scale 1 to 10","2016","Not Employed","Female","363","0.0790290311139149","0.071391364884204","0.0866666973436258","3"
"3 on Scale 1 to 10","2016","Not Employed","Male","193","0.0532793848690907","0.0456432526689721","0.0609155170692093","3"
"4 on Scale 1 to 10","2016","Employed","Female","536","0.0638829969933207","0.0586437482844783","0.0691222457021632","4"
"4 on Scale 1 to 10","2016","Employed","Male","440","0.0617125212553314","0.0563648004321446","0.0670602420785182","4"
"4 on Scale 1 to 10","2016","Not Employed","Female","374","0.0802084463711707","0.0725189280292785","0.0878979647130629","4"
"4 on Scale 1 to 10","2016","Not Employed","Male","202","0.0612218948095346","0.0530707655558865","0.0693730240631826","4"
"5 on Scale 1 to 10","2016","Employed","Female","933","0.111461662569845","0.104719299255611","0.118204025884079","5"
"5 on Scale 1 to 10","2016","Employed","Male","761","0.104548213763006","0.0977484545558288","0.111347972970184","5"
"5 on Scale 1 to 10","2016","Not Employed","Female","672","0.145083794986905","0.135113325594058","0.155054264379752","5"
"5 on Scale 1 to 10","2016","Not Employed","Male","360","0.119168510947259","0.108152861858659","0.130184160035859","5"
"6 on Scale 1 to 10","2016","Employed","Female","957","0.120744898579002","0.113764131444289","0.127725665713715","6"
"6 on Scale 1 to 10","2016","Not Employed","Female","493","0.105221938988409","0.0965352316439875","0.113908646332831","6"
"6 on Scale 1 to 10","2016","Not Employed","Male","311","0.0926151594353372","0.0827587276767208","0.102471591193954","6"
"6 on Scale 1 to 10","2016","Employed","Male","911","0.115098749346239","0.10800629043642","0.122191208256058","6"
"7 on Scale 1 to 10","2016","Employed","Female","1415","0.168722143744971","0.160698521838814","0.176745765651128","7"
"7 on Scale 1 to 10","2016","Not Employed","Female","642","0.125577811622543","0.116196546353714","0.134959076891371","7"
"7 on Scale 1 to 10","2016","Employed","Male","1385","0.178084079783922","0.169581702621844","0.186586456946","7"
"7 on Scale 1 to 10","2016","Not Employed","Male","526","0.15633279473073","0.143984882037696","0.168680707423765","7"
"8 on Scale 1 to 10","2016","Employed","Female","1782","0.217433193033863","0.20859558083594","0.226270805231786","8"
"8 on Scale 1 to 10","2016","Employed","Male","1833","0.227848137577519","0.21852658561702","0.237169689538019","8"
"8 on Scale 1 to 10","2016","Not Employed","Female","909","0.186676252459333","0.175645106272871","0.197707398645794","8"
"8 on Scale 1 to 10","2016","Not Employed","Male","726","0.22346387993686","0.209300483262222","0.237627276611499","8"
"9 on Scale 1 to 10","2016","Employed","Female","1142","0.13106183324091","0.123831740584713","0.138291925897107","9"
"9 on Scale 1 to 10","2016","Employed","Male","1087","0.138817028139837","0.131133101500395","0.14650095477928","9"
"9 on Scale 1 to 10","2016","Not Employed","Female","528","0.108562373883541","0.0997553429315632","0.117369404835518","9"
"9 on Scale 1 to 10","2016","Not Employed","Male","431","0.118395525081967","0.107410843879831","0.129380206284102","9"
"0 Completely dissatisfied","2017","Employed","Female","57","0.00670334873357574","0.00504769547283888","0.00835900199431261","0"
"0 Completely dissatisfied","2017","Employed","Male","38","0.00475689512649644","0.00331488028040628","0.0061989099725866","0"
"0 Completely dissatisfied","2017","Not Employed","Female","71","0.0153168017984421","0.0119018104522233","0.0187317931446608","0"
"0 Completely dissatisfied","2017","Not Employed","Male","26","","","","0"
"1 on Scale 1 to 10","2017","Employed","Female","96","0.0107890317523681","0.00869289461005317","0.012885168894683","1"
"1 on Scale 1 to 10","2017","Employed","Male","63","0.00591220280259839","0.00430551910401646","0.00751888650118032","1"
"1 on Scale 1 to 10","2017","Not Employed","Female","108","0.0237311809220908","0.0194986349695065","0.027963726874675","1"
"1 on Scale 1 to 10","2017","Not Employed","Male","44","0.0139015570879982","0.0100386512484089","0.0177644629275876","1"
"10 Completely satisfied","2017","Employed","Female","775","0.0777799183074666","0.0723457257278503","0.0832141108870829","10"
"10 Completely satisfied","2017","Employed","Male","889","0.0989107458061788","0.0926539929853112","0.105167498627046","10"
"10 Completely satisfied","2017","Not Employed","Female","424","0.0868989120830457","0.0790659883628534","0.0947318358032381","10"
"10 Completely satisfied","2017","Not Employed","Male","356","0.0990228202711757","0.0891680432295175","0.108877597312834","10"
"2 on Scale 1 to 10","2017","Employed","Female","268","0.0272891525300903","0.0239833957280502","0.0305949093321305","2"
"2 on Scale 1 to 10","2017","Employed","Male","183","0.0185286151999552","0.015702410224792","0.0213548201751184","2"
"2 on Scale 1 to 10","2017","Not Employed","Female","253","0.0544962798697806","0.0481842020180346","0.0608083577215266","2"
"2 on Scale 1 to 10","2017","Not Employed","Male","108","0.0395334849585443","0.0331044479449456","0.0459625219721431","2"
"3 on Scale 1 to 10","2017","Employed","Female","507","0.0535541970284321","0.0489861703969447","0.0581222236599195","3"
"3 on Scale 1 to 10","2017","Employed","Male","381","0.0497859678228942","0.0452276190496076","0.0543443165961808","3"
"3 on Scale 1 to 10","2017","Not Employed","Female","359","0.0743400349857747","0.0670455536330713","0.0816345163384782","3"
"3 on Scale 1 to 10","2017","Not Employed","Male","188","0.0626854203747027","0.0546880314049829","0.0706828093444224","3"
"4 on Scale 1 to 10","2017","Employed","Female","632","0.0681847250529876","0.0630703513802375","0.0732990987257378","4"
"4 on Scale 1 to 10","2017","Employed","Male","526","0.0658282035341495","0.0606310836877057","0.0710253233805933","4"
"4 on Scale 1 to 10","2017","Not Employed","Female","390","0.0759659491178516","0.0685986081608027","0.0833332900749005","4"
"4 on Scale 1 to 10","2017","Not Employed","Male","231","0.0684430730201132","0.060112177038744","0.0767739690014824","4"
"5 on Scale 1 to 10","2017","Employed","Female","1083","0.120850081634855","0.114236466165891","0.127463697103819","5"
"5 on Scale 1 to 10","2017","Employed","Male","914","0.104617313893789","0.0982030107192206","0.111031617068357","5"
"5 on Scale 1 to 10","2017","Not Employed","Male","395","0.110225703865351","0.0998932463067897","0.120558161423911","5"
"5 on Scale 1 to 10","2017","Not Employed","Female","712","0.160982673756916","0.150763110639248","0.171202236874584","5"
"6 on Scale 1 to 10","2017","Employed","Female","1116","0.117795600159798","0.111254765959202","0.124336434360394","6"
"6 on Scale 1 to 10","2017","Employed","Male","1040","0.119740443663213","0.112936367595036","0.126544519731389","6"
"6 on Scale 1 to 10","2017","Not Employed","Male","404","0.113086461655544","0.102637618459963","0.123535304851124","6"
"6 on Scale 1 to 10","2017","Not Employed","Female","529","0.0983267718216993","0.090047011304166","0.106606532339233","6"
"7 on Scale 1 to 10","2017","Employed","Female","1689","0.187292333094949","0.179376234867325","0.195208431322574","7"
"7 on Scale 1 to 10","2017","Employed","Male","1624","0.188425185397436","0.180229654144837","0.196620716650035","7"
"7 on Scale 1 to 10","2017","Not Employed","Male","538","0.150167116797673","0.138380845084534","0.161953388510811","7"
"7 on Scale 1 to 10","2017","Not Employed","Female","719","0.133868231384838","0.124399581802009","0.143336880967667","7"
"8 on Scale 1 to 10","2017","Employed","Female","1910","0.207223833967572","0.198999908965478","0.215447758969665","8"
"8 on Scale 1 to 10","2017","Employed","Male","1951","0.218499792130547","0.209839482540435","0.227160101720659","8"
"8 on Scale 1 to 10","2017","Not Employed","Female","910","0.183448863945171","0.172686528989936","0.194211198900405","8"
"8 on Scale 1 to 10","2017","Not Employed","Male","779","0.217868061584187","0.204248627663528","0.231487495504846","8"
"9 on Scale 1 to 10","2017","Employed","Female","1198","0.122537777737905","0.115884537427458","0.129191018048353","9"
"9 on Scale 1 to 10","2017","Employed","Male","1137","0.124994634622743","0.118063658571404","0.131925610674082","9"
"9 on Scale 1 to 10","2017","Not Employed","Female","493","0.0926243003143909","0.0845628470646569","0.100685753564125","9"
"9 on Scale 1 to 10","2017","Not Employed","Male","460","0.118456277763961","0.107794656982714","0.129117898545208","9"
"0 Completely dissatisfied","2018","Employed","Female","55","0.00620202771870581","0.00458819629813823","0.00781585913927339","0"
"0 Completely dissatisfied","2018","Employed","Male","33","0.003413741764443","0.00216529698538299","0.00466218654350301","0"
"0 Completely dissatisfied","2018","Not Employed","Female","96","0.0206649452451585","0.0166312062105799","0.0246986842797371","0"
"0 Completely dissatisfied","2018","Not Employed","Male","26","","","","0"
"1 on Scale 1 to 10","2018","Employed","Female","105","0.0150375516210638","0.0125358203082303","0.0175392829338972","1"
"1 on Scale 1 to 10","2018","Employed","Male","46","0.00642959427562412","0.00471883987629121","0.00814034867495704","1"
"1 on Scale 1 to 10","2018","Not Employed","Female","92","0.0212574112887053","0.0171674947159731","0.0253473278614375","1"
"1 on Scale 1 to 10","2018","Not Employed","Male","51","0.0180572020551576","0.0136061417508579","0.0225082623594573","1"
"10 Completely satisfied","2018","Employed","Female","721","0.0774540126430893","0.0719591323550405","0.0829488929311381","10"
"10 Completely satisfied","2018","Employed","Male","803","0.0851719219464777","0.0791972436752221","0.0911466002177332","10"
"10 Completely satisfied","2018","Not Employed","Female","432","0.0893959248792985","0.08130592204019","0.097485927718407","10"
"10 Completely satisfied","2018","Not Employed","Male","365","0.0994500710962855","0.0894465797230584","0.109453562469513","10"
"2 on Scale 1 to 10","2018","Employed","Female","258","0.0337958270971565","0.0300812595826604","0.0375103946116526","2"
"2 on Scale 1 to 10","2018","Employed","Male","145","0.0222205359982738","0.019065572937799","0.0253754990587485","2"
"2 on Scale 1 to 10","2018","Not Employed","Female","244","0.0499892280331342","0.0438100956714884","0.05616836039478","2"
"2 on Scale 1 to 10","2018","Not Employed","Male","111","0.035899489444035","0.0296807774003656","0.0421182014877044","2"
"3 on Scale 1 to 10","2018","Employed","Female","548","0.0615468017050909","0.0566065245236839","0.0664870788864978","3"
"3 on Scale 1 to 10","2018","Employed","Male","406","0.0544404056763201","0.049584148401035","0.0592966629516052","3"
"3 on Scale 1 to 10","2018","Not Employed","Female","380","0.0838531614396336","0.0759941615534779","0.0917121613257894","3"
"3 on Scale 1 to 10","2018","Not Employed","Male","201","0.0595182811258022","0.0516097555380048","0.0674268067135996","3"
"4 on Scale 1 to 10","2018","Employed","Female","677","0.0710370477630131","0.0657564399805423","0.0763176555454839","4"
"4 on Scale 1 to 10","2018","Employed","Male","507","0.0613210024468103","0.0561857744440354","0.0664562304495852","4"
"4 on Scale 1 to 10","2018","Not Employed","Female","417","0.0894937426258348","0.0813997496897505","0.0975877355619192","4"
"4 on Scale 1 to 10","2018","Not Employed","Male","230","0.0627075762418723","0.0546037015771407","0.0708114509066039","4"
"5 on Scale 1 to 10","2018","Employed","Female","1063","0.12467277959524","0.117882099051137","0.131463460139343","5"
"5 on Scale 1 to 10","2018","Employed","Male","916","0.118651080513674","0.111729482955861","0.125572678071486","5"
"5 on Scale 1 to 10","2018","Not Employed","Female","681","0.15064787169725","0.140505245774948","0.160790497619551","5"
"5 on Scale 1 to 10","2018","Not Employed","Male","391","0.123811710074665","0.112802029011203","0.134821391138126","5"
"6 on Scale 1 to 10","2018","Employed","Female","1073","0.113292251252494","0.106776978262121","0.119807524242867","6"
"6 on Scale 1 to 10","2018","Employed","Male","1033","0.124958514376226","0.117880787397112","0.13203624135534","6"
"6 on Scale 1 to 10","2018","Not Employed","Female","498","0.105037829363275","0.0963442179002412","0.113731440826308","6"
"6 on Scale 1 to 10","2018","Not Employed","Male","379","0.106115906114203","0.0958209143641955","0.11641089786421","6"
"7 on Scale 1 to 10","2018","Employed","Female","1628","0.174912624013457","0.167103491169162","0.182721756857752","7"
"7 on Scale 1 to 10","2018","Not Employed","Female","679","0.137127896623474","0.127374381991771","0.146881411255176","7"
"7 on Scale 1 to 10","2018","Not Employed","Male","532","0.154174600709364","0.142103637333888","0.16624556408484","7"
"7 on Scale 1 to 10","2018","Employed","Male","1565","0.182590165548144","0.174321123925223","0.190859207171066","7"
"8 on Scale 1 to 10","2018","Employed","Female","1881","0.211559868966996","0.203164432729718","0.219955305204275","8"
"8 on Scale 1 to 10","2018","Not Employed","Female","810","0.160610750732081","0.150199712876033","0.17102178858813","8"
"8 on Scale 1 to 10","2018","Employed","Male","1873","0.220528896449447","0.211654694258455","0.229403098640439","8"
"8 on Scale 1 to 10","2018","Not Employed","Male","713","0.212355009730419","0.198684280929252","0.226025738531585","8"
"9 on Scale 1 to 10","2018","Employed","Female","1082","0.110489207623693","0.104044877164759","0.116933538082628","9"
"9 on Scale 1 to 10","2018","Employed","Male","1058","0.12027414100456","0.113311782719183","0.127236499289938","9"
"9 on Scale 1 to 10","2018","Not Employed","Female","449","0.0919212380721561","0.0837291481615278","0.100113327982784","9"
"9 on Scale 1 to 10","2018","Not Employed","Male","439","0.119071457341622","0.108245424749715","0.129897489933528","9"
"0 Completely dissatisfied","2019","Employed","Female","53","0.00615093608106006","0.0045282101339894","0.00777366202813071","0"
"0 Completely dissatisfied","2019","Employed","Male","28","","","","0"
"0 Completely dissatisfied","2019","Not Employed","Female","79","0.0164941086353738","0.0128082673596933","0.0201799499110543","0"
"0 Completely dissatisfied","2019","Not Employed","Male","35","0.0104837032583944","0.00711709570664377","0.0138503108101451","0"
"1 on Scale 1 to 10","2019","Employed","Female","78","0.00993416394489429","0.0078758479171904","0.0119924799725982","1"
"1 on Scale 1 to 10","2019","Employed","Male","47","0.00458595477191461","0.00317671625390162","0.00599519328992759","1"
"1 on Scale 1 to 10","2019","Not Employed","Female","81","0.0194797924598657","0.0154803066711403","0.0234792782485912","1"
"1 on Scale 1 to 10","2019","Not Employed","Male","45","0.0137736919790927","0.00992124089701967","0.0176261430611658","1"
"10 Completely satisfied","2019","Employed","Female","758","0.0762723131635145","0.070763350914273","0.0817812754127559","10"
"10 Completely satisfied","2019","Employed","Male","957","0.0928965038392232","0.0868417590175232","0.0989512486609231","10"
"10 Completely satisfied","2019","Not Employed","Female","427","0.0915233084191411","0.0831786902146625","0.0998679266236197","10"
"10 Completely satisfied","2019","Not Employed","Male","396","0.094742984588061","0.0850628111570064","0.104423158019116","10"
"2 on Scale 1 to 10","2019","Employed","Female","237","0.0270192689657723","0.0236541279028779","0.0303844100286666","2"
"2 on Scale 1 to 10","2019","Employed","Male","162","0.0193947691861056","0.0165183170635105","0.0222712213087007","2"
"2 on Scale 1 to 10","2019","Not Employed","Male","103","0.0266658661058998","0.021340708304386","0.0319910239074135","2"
"2 on Scale 1 to 10","2019","Not Employed","Female","188","0.0492952779453892","0.0430304491621111","0.0555601067286673","2"
"3 on Scale 1 to 10","2019","Employed","Female","511","0.0614989227431836","0.0565127709110609","0.0664850745753062","3"
"3 on Scale 1 to 10","2019","Employed","Male","363","0.0467865457806526","0.0423817750075995","0.0511913165537056","3"
"3 on Scale 1 to 10","2019","Not Employed","Male","209","0.0656851147588678","0.0574966256957075","0.0738736038220281","3"
"3 on Scale 1 to 10","2019","Not Employed","Female","388","0.0868832554692091","0.0787321799466781","0.0950343309917401","3"
"4 on Scale 1 to 10","2019","Employed","Female","586","0.0660290388231422","0.0608749899619855","0.0711830876842989","4"
"4 on Scale 1 to 10","2019","Employed","Male","440","0.0591503717783909","0.0542299017885307","0.0640708417682511","4"
"4 on Scale 1 to 10","2019","Not Employed","Male","211","0.064725122923673","0.05659251689467","0.072857728952676","4"
"4 on Scale 1 to 10","2019","Not Employed","Female","325","0.07441873719241","0.0668236608034828","0.0820138135813371","4"
"5 on Scale 1 to 10","2019","Employed","Female","987","0.117767056357609","0.11107718290952","0.124456929805698","5"
"5 on Scale 1 to 10","2019","Not Employed","Male","409","0.118746710028476","0.108054072952083","0.129439347104869","5"
"5 on Scale 1 to 10","2019","Employed","Male","889","0.105158500019971","0.098760223740069","0.111556776299873","5"
"5 on Scale 1 to 10","2019","Not Employed","Female","639","0.140548995064254","0.130491075568485","0.150606914560024","5"
"6 on Scale 1 to 10","2019","Employed","Female","1082","0.122810489003114","0.115998423705033","0.129622554301196","6"
"6 on Scale 1 to 10","2019","Not Employed","Male","340","0.0930431328455557","0.0834411895461386","0.102645076144973","6"
"6 on Scale 1 to 10","2019","Not Employed","Female","507","0.103477271681284","0.0946629913715626","0.112291551991005","6"
"6 on Scale 1 to 10","2019","Employed","Male","1065","0.12361363627733","0.116748506745143","0.130478765809517","6"
"7 on Scale 1 to 10","2019","Employed","Female","1625","0.178156441254353","0.170214810342524","0.186098072166182","7"
"7 on Scale 1 to 10","2019","Not Employed","Male","560","0.164090792740564","0.151848991644801","0.176332593836326","7"
"7 on Scale 1 to 10","2019","Not Employed","Female","675","0.136298379455421","0.126369255458148","0.146227503452694","7"
"7 on Scale 1 to 10","2019","Employed","Male","1632","0.196151108646128","0.187868820585114","0.204433396707142","7"
"8 on Scale 1 to 10","2019","Not Employed","Male","777","0.22602864232849","0.212203556360381","0.239853728296598","8"
"8 on Scale 1 to 10","2019","Employed","Female","1900","0.21777589453342","0.209209760651045","0.226342028415796","8"
"8 on Scale 1 to 10","2019","Not Employed","Female","856","0.183318062879407","0.17212077546866","0.194515350290153","8"
"8 on Scale 1 to 10","2019","Employed","Male","2050","0.227354754602015","0.218612774212837","0.236096734991194","8"
"9 on Scale 1 to 10","2019","Employed","Female","1101","0.116585475129936","0.109924790851351","0.123246159408522","9"
"9 on Scale 1 to 10","2019","Employed","Male","1197","0.122297944751189","0.115464323947393","0.129131565554985","9"
"9 on Scale 1 to 10","2019","Not Employed","Female","422","0.0982628107982458","0.0896485443072994","0.106877077289192","9"
"9 on Scale 1 to 10","2019","Not Employed","Male","431","0.122014238442926","0.111195598901485","0.132832877984367","9"
